agendor_id,titulo,clickup_id,produto_agendor,fabricante_agendor,distribuidor_esperado,produto_supabase,fabricante_supabase,distribuidor_supabase,valor_agendor,valor_supabase,servico_prioridade,tipo_divergencia
42112468,Ferro Industrial | Estudo Techrefresh Datacenter,86age3jhy,SERVIDOR DELL EMC,DELL EMC,Ingram Micro,SERVIDOR DELL EMC,DELL ,Ingram Micro,809672.68,809672.68,False,FABRICANTE
42112468,Ferro Industrial | Estudo Techrefresh Datacenter,86age3jhy,SERVIDOR DELL EMC,DELL EMC,Ingram Micro,SERVIDOR DELL EMC,DELL ,Ingram Micro,809672.68,158171.16,False,FABRICANTE+VALOR
42112468,Ferro Industrial | Estudo Techrefresh Datacenter,86age3jhy,SERVIDOR DELL EMC,DELL EMC,Ingram Micro,SERVIDOR DELL EMC,DELL ,Ingram Micro,158171.16,809672.68,False,FABRICANTE+VALOR
42112468,Ferro Industrial | Estudo Techrefresh Datacenter,86age3jhy,SERVIDOR DELL EMC,DELL EMC,Ingram Micro,SERVIDOR DELL EMC,DELL ,Ingram Micro,158171.16,158171.16,False,FABRICANTE
42112468,Ferro Industrial | Estudo Techrefresh Datacenter,86age3jhy,STORAGE DELL EMC,DELL EMC,Ingram Micro,STORAGE DELL EMC,DELL ,Ingram Micro,375662.96,375662.96,False,FABRICANTE
42112468,Ferro Industrial | Estudo Techrefresh Datacenter,86age3jhy,SUPRIMATICA SERVIÇOS,SUPRIMÁTICA SERVIÇOS,Suprimatica,SUPRIMATICA SERVIÇOS,SUPRIMATICA,Suprimatica,40000.0,40000.0,True,FABRICANTE
42112468,Ferro Industrial | Estudo Techrefresh Datacenter,86age3jhy,MICROSOFT,MICROSOFT,Ingram Micro,LICENCIAMENTO MICROSOFT,MICROSOFT,Ingram Micro,670993.36,670993.36,False,NOME_PRODUTO
42190122,Unaerp | FORTINET,86ahe4c38,SUPRIMATICA SERVIÇOS,SUPRIMÁTICA SERVIÇOS,Suprimatica,SUPRIMATICA SERVIÇOS,SUPRIMATICA,Suprimatica,210000.0,210000.0,True,FABRICANTE
44362046,Quinelato Freios - Park Place - Garantias,86ajxwkpe,PARK PLACE - GARANTIA,PARK PLACE,Park Place,(AUSENTE),,,28705.05,,False,PRODUTO_AUSENTE_NO_SUPABASE
44362046,Quinelato Freios - Park Place - Garantias,86ajxwkpe,(NÃO EXISTE NO AGENDOR),,,NETWORKING FORTINET,FORTINET,Ingram Micro,,222226.75,,PRODUTO_EXTRA_NO_SUPABASE
42973265,Estrutel Construções Metálicas LTDA | Firewall Fortinet - Estoque,86ahzm2an,SUPRIMATICA SERVIÇOS,SUPRIMÁTICA SERVIÇOS,Suprimatica,SUPRIMATICA SERVIÇOS,SUPRIMATICA,Suprimatica,6000.0,6000.0,True,FABRICANTE
24001502,UNIMED PIRACICABA - SSU E  Software REDCap na Oracle Cloud Infrastructure (OCI).,86ajxwm61,SSU CONTRATOS,SUPRIMÁTICA SERVIÇOS,Suprimatica,SSU CONTRATOS,SUPRIMATICA,Suprimatica,15000.0,15000.0,True,FABRICANTE
24001502,UNIMED PIRACICABA - SSU E  Software REDCap na Oracle Cloud Infrastructure (OCI).,86ajxwm61,SSU CONTRATOS,SUPRIMÁTICA SERVIÇOS,Suprimatica,SSU CONTRATOS,SUPRIMATICA,Suprimatica,15000.0,4800.0,True,FABRICANTE+VALOR
24001502,UNIMED PIRACICABA - SSU E  Software REDCap na Oracle Cloud Infrastructure (OCI).,86ajxwm61,SSU CONTRATOS,SUPRIMÁTICA SERVIÇOS,Suprimatica,SSU CONTRATOS,SUPRIMATICA,Suprimatica,4800.0,15000.0,True,FABRICANTE+VALOR
24001502,UNIMED PIRACICABA - SSU E  Software REDCap na Oracle Cloud Infrastructure (OCI).,86ajxwm61,SSU CONTRATOS,SUPRIMÁTICA SERVIÇOS,Suprimatica,SSU CONTRATOS,SUPRIMATICA,Suprimatica,4800.0,4800.0,True,FABRICANTE
42035427,Lwart | Fortinet (2026),86aha5x2u,,,,,,,,,,SEM_PROPOSTA_NO_SUPABASE
44214159,Unimed Bebedouro - Microsoft - SQL Server,86ajxx3by,MICROSOFT,MICROSOFT,Ingram Micro,LICENCIAMENTO MICROSOFT,MICROSOFT,Ingram Micro,111259.49,111259.49,False,NOME_PRODUTO
33245709,UNIMED COP | ESTUDO TECH REFRESH PARA DATA CENTER ATUAL | DELL - Microsoft - Aruba - Parkplace,86ajxx3cr,SERVIDOR DELL EMC,DELL EMC,Ingram Micro,SERVIDOR DELL EMC,DELL ,Ingram Micro,1109212.34,1109212.34,False,FABRICANTE
33245709,UNIMED COP | ESTUDO TECH REFRESH PARA DATA CENTER ATUAL | DELL - Microsoft - Aruba - Parkplace,86ajxx3cr,STORAGE DELL EMC,DELL EMC,Ingram Micro,STORAGE DELL EMC,DELL ,Ingram Micro,426405.03,426405.03,False,FABRICANTE
33245709,UNIMED COP | ESTUDO TECH REFRESH PARA DATA CENTER ATUAL | DELL - Microsoft - Aruba - Parkplace,86ajxx3cr,NETWORKING DELL EMC,DELL EMC,Ingram Micro,NETWORKING DELL EMC,DELL,Ingram Micro,4544.43,4544.43,False,FABRICANTE
33245709,UNIMED COP | ESTUDO TECH REFRESH PARA DATA CENTER ATUAL | DELL - Microsoft - Aruba - Parkplace,86ajxx3cr,SUPRIMATICA SERVIÇOS,SUPRIMÁTICA SERVIÇOS,Suprimatica,SUPRIMATICA SERVIÇOS,SUPRIMATICA,Suprimatica,65000.0,65000.0,True,FABRICANTE
33245709,UNIMED COP | ESTUDO TECH REFRESH PARA DATA CENTER ATUAL | DELL - Microsoft - Aruba - Parkplace,86ajxx3cr,MICROSOFT,MICROSOFT,Ingram Micro,LICENCIAMENTO MICROSOFT,MICROSOFT,Ingram Micro,11403.89,11403.89,False,NOME_PRODUTO
33245709,UNIMED COP | ESTUDO TECH REFRESH PARA DATA CENTER ATUAL | DELL - Microsoft - Aruba - Parkplace,86ajxx3cr,PARK PLACE - GARANTIA,PARK PLACE,Park Place,(AUSENTE),,,58399.53,,False,PRODUTO_AUSENTE_NO_SUPABASE
33245709,UNIMED COP | ESTUDO TECH REFRESH PARA DATA CENTER ATUAL | DELL - Microsoft - Aruba - Parkplace,86ajxx3cr,(NÃO EXISTE NO AGENDOR),,,SUPORTE POS  GARANTIA,PARK PLACE ,Ingram Micro,,58399.53,,PRODUTO_EXTRA_NO_SUPABASE
44143991,Unimed Volta Redonda |Dell (Garantias),86ajnb99f,POS GARANTIA DELL EMC,DELL EMC,Ingram Micro,POS GARANTIA DELL EMC,DELL,Ingram Micro,413618.9,413618.9,False,FABRICANTE
41840969,SUPRIMATICA CLOUD ABR/MAI/JUN,86ajxx3dk,CLOUD AZURE,MICROSOFT,Ingram Micro,CLOUD AZURE,AZURE,Ingram Micro,23.95,23.95,False,FABRICANTE
41854659,Quinelato Freios | Ambiente Firewall,86agbhgk2,SUPRIMATICA SERVIÇOS,SUPRIMÁTICA SERVIÇOS,Suprimatica,SUPRIMATICA SERVIÇOS,SUPRIMATICA,Suprimatica,12000.0,12000.0,True,FABRICANTE
43867356,SUPRIMATICA SERVIÇOS UNIFICADOS (SSU) - JUN -26,86ajxx3fa,SSU CONTRATOS,SUPRIMÁTICA SERVIÇOS,Suprimatica,SSU CONTRATOS,SUPRIMATICA,Suprimatica,184978.17,184978.17,True,FABRICANTE
43865465,SUPRIMATICA SERVIÇOS UNIFICADOS (SSU) - ABRIL - 26,86ajxx3fy,SSU CONTRATOS,SUPRIMÁTICA SERVIÇOS,Suprimatica,SSU CONTRATOS,SUPRIMATICA,Suprimatica,185660.17,185660.17,True,FABRICANTE
41915891,Unimed São Carlos - Estudo Expansão Ambiente VMware e Oracle,86agcey6v,SERVIDOR DELL EMC,DELL EMC,Ingram Micro,SERVIDOR DELL EMC,DELL ,Ingram Micro,517476.33,517476.33,False,FABRICANTE
41915891,Unimed São Carlos - Estudo Expansão Ambiente VMware e Oracle,86agcey6v,STORAGE DELL EMC,DELL EMC,Ingram Micro,STORAGE DELL EMC,DELL ,Ingram Micro,578941.28,578941.28,False,FABRICANTE
41915891,Unimed São Carlos - Estudo Expansão Ambiente VMware e Oracle,86agcey6v,UPGRADE STORAGE,4SERVERS,4Server,UPGRADE STORAGE,BROKER,4Server,354337.78,354337.78,False,FABRICANTE
41915891,Unimed São Carlos - Estudo Expansão Ambiente VMware e Oracle,86agcey6v,SUPRIMATICA SERVIÇOS,SUPRIMÁTICA SERVIÇOS,Suprimatica,SUPRIMATICA SERVIÇOS,SUPRIMATICA,Suprimatica,60555.56,60555.56,True,FABRICANTE
41915891,Unimed São Carlos - Estudo Expansão Ambiente VMware e Oracle,86agcey6v,POS GARANTIA DELL EMC,DELL EMC,Ingram Micro,POS GARANTIA DELL EMC,DELL,Ingram Micro,84732.39,84732.39,False,FABRICANTE
41915891,Unimed São Carlos - Estudo Expansão Ambiente VMware e Oracle,86agcey6v,PARK PLACE - GARANTIA,PARK PLACE,Park Place,(AUSENTE),,,70000.0,,False,PRODUTO_AUSENTE_NO_SUPABASE
41915891,Unimed São Carlos - Estudo Expansão Ambiente VMware e Oracle,86agcey6v,(NÃO EXISTE NO AGENDOR),,,SUPORTE POS  GARANTIA,PARK PLACE ,Ingram Micro,,70000.0,,PRODUTO_EXTRA_NO_SUPABASE
42423278,Unimed São Carlos | Licenciamento VMware para o site A,86ahkr143,VMWARE OPEN,VMWARE,TD Synnex,VMWARE OPEN,BROADCOM,TD Synnex,161803.85,161803.85,False,FABRICANTE
39249628,QUATA - ELP (GARANTIAS) - Veeam - Dell - Park Place,86ajxx3hf,PARK PLACE - GARANTIA,PARK PLACE,Park Place,(AUSENTE),,,118032.43,,False,PRODUTO_AUSENTE_NO_SUPABASE
39249628,QUATA - ELP (GARANTIAS) - Veeam - Dell - Park Place,86ajxx3hf,POS GARANTIA DELL EMC,DELL EMC,Ingram Micro,POS GARANTIA DELL EMC,DELL,Ingram Micro,101528.12,101528.12,False,FABRICANTE
39249628,QUATA - ELP (GARANTIAS) - Veeam - Dell - Park Place,86ajxx3hf,(NÃO EXISTE NO AGENDOR),,,SUPORTE POS  GARANTIA,PARK PLACE ,Ingram Micro,,118032.43,,PRODUTO_EXTRA_NO_SUPABASE
33145291,SERILON | BACKUP VEEAM | FILE SERVER E ZIMBRA,86ajxx3jj,SUPRIMATICA SERVIÇOS,SUPRIMÁTICA SERVIÇOS,Suprimatica,SUPRIMATICA SERVIÇOS,SUPRIMATICA,Suprimatica,8000.0,8000.0,True,FABRICANTE
29473401,UNIMED ASSIS - FORTINET,86ajxx3nm,SUPRIMATICA SERVIÇOS,SUPRIMÁTICA SERVIÇOS,Suprimatica,SUPRIMATICA SERVIÇOS,SUPRIMATICA,Suprimatica,42500.0,42500.0,True,FABRICANTE
41530000,UNIMED COP (GARANTIAS),86ajxx3p9,MICROSOFT,MICROSOFT,Ingram Micro,LICENCIAMENTO MICROSOFT,MICROSOFT,Ingram Micro,42674.93,42674.93,False,NOME_PRODUTO
42504077,ZILOR - VMWARE (RENOVAÇAÕ 26),86ajxx3rf,VMWARE OPEN,VMWARE,TD Synnex,VMWARE OPEN,BROADCOM,TD Synnex,199949.37,199949.37,False,FABRICANTE
38809187,FRIGOL | ESTUDO DE INFRA PARA NOVA UNIDADE,86ajxx3t8,SUPRIMATICA SERVIÇOS,SUPRIMÁTICA SERVIÇOS,Suprimatica,SUPRIMATICA SERVIÇOS,SUPRIMATICA,Suprimatica,18000.0,18000.0,True,FABRICANTE
38809187,FRIGOL | ESTUDO DE INFRA PARA NOVA UNIDADE,86ajxx3t8,MICROSOFT,MICROSOFT,Ingram Micro,LICENCIAMENTO MICROSOFT,MICROSOFT,Ingram Micro,81957.8,81957.8,False,NOME_PRODUTO
38809187,FRIGOL | ESTUDO DE INFRA PARA NOVA UNIDADE,86ajxx3t8,UPGRADE SERVIDOR,4SERVERS,4Server,UPGRADE SERVIDOR,BROKER,4Server,26737.14,26737.14,False,FABRICANTE
23847069,UNIMED ARARAQUARA - DELL PARK PLACE,86ajxx3tq,PARK PLACE - GARANTIA,PARK PLACE,Park Place,(AUSENTE),,,26404.22,,False,PRODUTO_AUSENTE_NO_SUPABASE
23847069,UNIMED ARARAQUARA - DELL PARK PLACE,86ajxx3tq,(NÃO EXISTE NO AGENDOR),,,SUPORTE POS  GARANTIA,PARK PLACE ,Ingram Micro,,26404.22,,PRODUTO_EXTRA_NO_SUPABASE
40787750,ZILOR - VMWARE (GARANTIA),86ajxx3v6,VMWARE OPEN,VMWARE,TD Synnex,VMWARE OPEN,BROADCOM,TD Synnex,133259.09,133259.09,False,FABRICANTE
33750981,UNIMED LONDRINA - VMWARE (GARANTIA),86ajxx3vw,VMWARE OPEN,VMWARE,TD Synnex,VMWARE OPEN,BROADCOM,TD Synnex,152938.67,152938.67,False,FABRICANTE
42107591,Frigol | Disco MSA 2040,86ahbwphv,UPGRADE STORAGE,4SERVERS,4Server,UPGRADE STORAGE,BROKER,4Server,2700.0,2700.0,False,FABRICANTE
42059429,Frigol | Discos para Upgrade do Primera,86aharbgu,UPGRADE STORAGE,4SERVERS,4Server,UPGRADE STORAGE,BROKER,4Server,39949.74,39949.74,False,FABRICANTE
41530374,UNIMED CAMPO MOURAO - PARK PLACE,86ajxx3wq,PARK PLACE - GARANTIA,PARK PLACE,Park Place,(AUSENTE),,,10748.64,,False,PRODUTO_AUSENTE_NO_SUPABASE
41530374,UNIMED CAMPO MOURAO - PARK PLACE,86ajxx3wq,(NÃO EXISTE NO AGENDOR),,,SUPORTE POS  GARANTIA,PARK PLACE ,Ingram Micro,,10748.64,,PRODUTO_EXTRA_NO_SUPABASE
40725835,SUPRIMATICA CLOUD - JAN/FEV/MAR,86ajxx3x7,CLOUD AZURE,MICROSOFT,Ingram Micro,CLOUD AZURE,AZURE,Ingram Micro,25.37,25.37,False,FABRICANTE
41900238,SUPRIMATICA SERVIÇOS UNIFICADOS - ABR,86ajxx3y1,SSU CONTRATOS,SUPRIMÁTICA SERVIÇOS,Suprimatica,SSU CONTRATOS,SUPRIMATICA,Suprimatica,184240.24,184240.24,True,FABRICANTE
33718142,PRIMA FOODS | UPGRADE AMBIENTE VXRAIL,86ajxx3yp,UPGRADE SERVIDOR,4SERVERS,4Server,UPGRADE SERVIDOR,BROKER,4Server,210114.47,210114.47,False,FABRICANTE
33718142,PRIMA FOODS | UPGRADE AMBIENTE VXRAIL,86ajxx3yp,SUPRIMATICA SERVIÇOS,SUPRIMÁTICA SERVIÇOS,Suprimatica,SUPRIMATICA SERVIÇOS,SUPRIMATICA,Suprimatica,40885.61,40885.61,True,FABRICANTE
37527187,CENTRO MEDICO SOROCABA | NOVO STORAGE MAIS UPGRADE HYPER-V 3,86ajxx3ze,STORAGE DELL EMC,DELL EMC,Ingram Micro,STORAGE DELL EMC,DELL ,Ingram Micro,543918.99,543918.99,False,FABRICANTE
37527187,CENTRO MEDICO SOROCABA | NOVO STORAGE MAIS UPGRADE HYPER-V 3,86ajxx3ze,SUPRIMATICA SERVIÇOS,SUPRIMÁTICA SERVIÇOS,Suprimatica,SUPRIMATICA SERVIÇOS,SUPRIMATICA,Suprimatica,25000.0,25000.0,True,FABRICANTE
37527187,CENTRO MEDICO SOROCABA | NOVO STORAGE MAIS UPGRADE HYPER-V 3,86ajxx3ze,MICROSOFT,MICROSOFT,Ingram Micro,LICENCIAMENTO MICROSOFT,MICROSOFT,Ingram Micro,139798.18,139798.18,False,NOME_PRODUTO
37527187,CENTRO MEDICO SOROCABA | NOVO STORAGE MAIS UPGRADE HYPER-V 3,86ajxx3ze,UPGRADE SERVIDOR,4SERVERS,4Server,UPGRADE SERVIDOR,BROKER,4Server,18335.52,18335.52,False,FABRICANTE
34214621,MINERVA - VMWARE CPT (TRIPLES),86ajxx41b,VMWARE OPEN,VMWARE,TD Synnex,VMWARE OPEN,BROADCOM,TD Synnex,464275.81,464275.81,False,FABRICANTE
41026334,SUPRIMATICA SERVIÇOS UNIFICADOS - MAR,86ajxx43t,SSU CONTRATOS,SUPRIMÁTICA SERVIÇOS,Suprimatica,SSU CONTRATOS,SUPRIMATICA,Suprimatica,184107.0,184107.0,True,FABRICANTE
41026136,SUPRIMATICA SERVIÇOS UNIFICADOS - FEV,86ajxx44c,SSU CONTRATOS,SUPRIMÁTICA SERVIÇOS,Suprimatica,SSU CONTRATOS,SUPRIMATICA,Suprimatica,181999.46,181999.46,True,FABRICANTE
32877942,FRIGOL - PARK PLACE (HPE),86ajxx45p,PARK PLACE - GARANTIA,PARK PLACE,Park Place,(AUSENTE),,,15000.0,,False,PRODUTO_AUSENTE_NO_SUPABASE
32877942,FRIGOL - PARK PLACE (HPE),86ajxx45p,(NÃO EXISTE NO AGENDOR),,,SUPORTE POS  GARANTIA,PARK PLACE ,Ingram Micro,,15000.0,,PRODUTO_EXTRA_NO_SUPABASE
38450245,TMG | PROPOSTA PARA IMPLEMENTAÇÃO DE UM NOVO FIREWALL,86ajxx46z,SUPRIMATICA SERVIÇOS,SUPRIMÁTICA SERVIÇOS,Suprimatica,SUPRIMATICA SERVIÇOS,SUPRIMATICA,Suprimatica,28000.0,28000.0,True,FABRICANTE
37337425,QUINELATO | SW FORTINET E GBIC DELL | ESTOQUE,86ajxx47j,NETWORKING DELL EMC,DELL EMC,Ingram Micro,NETWORKING DELL EMC,DELL,Ingram Micro,5221.74,5221.74,False,FABRICANTE
39381240,SUPRIMATICA SSU - JAN,86ajxx49r,(NÃO EXISTE NO AGENDOR),,,SSU CONTRATOS,SUPRIMATICA,Suprimatica,,166303.91,,PRODUTO_EXTRA_NO_SUPABASE
34880450,QUATA- BIORIGEN (GARANTIAS),86ajxx4ag,POS GARANTIA DELL EMC,DELL EMC,Ingram Micro,POS GARANTIA DELL EMC,DELL,Ingram Micro,101528.13,101528.13,False,FABRICANTE
38780352,UFECEP - FORTINET,86ajxx4b8,SUPRIMATICA SERVIÇOS,SUPRIMÁTICA SERVIÇOS,Suprimatica,SUPRIMATICA SERVIÇOS,SUPRIMATICA,Suprimatica,26000.0,26000.0,True,FABRICANTE
25762632,UNIMED CAMPO MOURAO | FW E SERVIÇO DE IMPLEMENTAÇÃO DE REDE | FORTINET,86ajxx4bw,SUPRIMATICA SERVIÇOS,SUPRIMÁTICA SERVIÇOS,Suprimatica,SUPRIMATICA SERVIÇOS,SUPRIMATICA,Suprimatica,60000.0,60000.0,True,FABRICANTE
39216466,UNIMED REG CAMPO MOURAO,86ajxx4ce,POS GARANTIA DELL EMC,DELL EMC,Ingram Micro,POS GARANTIA DELL EMC,DELL,Ingram Micro,5180.0,5180.0,False,FABRICANTE
39115496,SUPRIMATICA SERVIÇOS UNIFICADOS (SSU)_DEZ,86ajxx4ct,(NÃO EXISTE NO AGENDOR),,,SSU CONTRATOS,SUPRIMATICA,Suprimatica,,166186.99,,PRODUTO_EXTRA_NO_SUPABASE
36476605,UNAERP - VEEAM,86ajxx4e3,SUPRIMATICA SERVIÇOS,SUPRIMÁTICA SERVIÇOS,Suprimatica,SUPRIMATICA SERVIÇOS,SUPRIMATICA,Suprimatica,13000.0,13000.0,True,FABRICANTE
36738541,TRIMESTRAL - SUPRIMATICA CLOUD - OUT/NOV/DEZ,86ajxx4ek,CLOUD AZURE,MICROSOFT,Ingram Micro,CLOUD AZURE,AZURE,Ingram Micro,6932.51,6932.51,False,FABRICANTE
38033318,PRIMA FOODS | PROPOSTA PARA ANALISE DO AMBIENTE,86ajxx4gd,SUPRIMATICA SERVIÇOS,SUPRIMÁTICA SERVIÇOS,Suprimatica,SUPRIMATICA SERVIÇOS,SUPRIMATICA,Suprimatica,22800.0,22800.0,True,FABRICANTE
35921329,OJI PAPÉIS | UPGRADE DE MEMORIAS | DELL,86ajxx4h2,UPGRADE SERVIDOR,4SERVERS,4Server,UPGRADE SERVIDOR,BROKER,4Server,85000.0,85000.0,False,FABRICANTE
18865711,ICASA | TECH REFRESH DC | DELL,86ajxx4hd,SERVIDOR DELL EMC,DELL EMC,Ingram Micro,SERVIDOR DELL EMC,DELL ,Ingram Micro,478337.94,478337.94,False,FABRICANTE
18865711,ICASA | TECH REFRESH DC | DELL,86ajxx4hd,SUPRIMATICA SERVIÇOS,SUPRIMÁTICA SERVIÇOS,Suprimatica,SUPRIMATICA SERVIÇOS,SUPRIMATICA,Suprimatica,65000.0,65000.0,True,FABRICANTE
18865711,ICASA | TECH REFRESH DC | DELL,86ajxx4hd,NETWORKING DELL EMC,DELL EMC,Ingram Micro,NETWORKING DELL EMC,DELL,Ingram Micro,270386.57,270386.57,False,FABRICANTE
18865711,ICASA | TECH REFRESH DC | DELL,86ajxx4hd,LEGACY TI,LEGACY TI,4Server,LEGACY TI,86agg6j56,4Server,13304.0,13304.0,False,FABRICANTE
37889431,ICASA - DELL (Cabos),86ajxx4j1,SERVIDOR DELL EMC,DELL EMC,Ingram Micro,SERVIDOR DELL EMC,DELL ,Ingram Micro,424.12,424.12,False,FABRICANTE
37892621,Contratos_ SSU_NOV,86ajxx4ja,(NÃO EXISTE NO AGENDOR),,,SSU CONTRATOS,SUPRIMATICA,Suprimatica,,170363.98,,PRODUTO_EXTRA_NO_SUPABASE
37892237,CONTRATOS_SSU_OUT,86ajxx4jn,(NÃO EXISTE NO AGENDOR),,,SSU CONTRATOS,SUPRIMATICA,Suprimatica,,174950.85,,PRODUTO_EXTRA_NO_SUPABASE
36506280,LWART - PARK PLACE,86ajxx4k3,PARK PLACE - GARANTIA,PARK PLACE,Park Place,(AUSENTE),,,5519.1,,False,PRODUTO_AUSENTE_NO_SUPABASE
36506280,LWART - PARK PLACE,86ajxx4k3,(NÃO EXISTE NO AGENDOR),,,SUPORTE POS  GARANTIA,PARK PLACE ,Ingram Micro,,5519.1,,PRODUTO_EXTRA_NO_SUPABASE
32630391,UNAERP | ATUALIZAÇÃO REDE LAN CORE DA UNIDADE DO GUARUJA | DELL,86ajxx4kf,NETWORKING DELL EMC,DELL EMC,Ingram Micro,NETWORKING DELL EMC,DELL,Ingram Micro,222873.68,222873.68,False,FABRICANTE
32630391,UNAERP | ATUALIZAÇÃO REDE LAN CORE DA UNIDADE DO GUARUJA | DELL,86ajxx4kf,SUPRIMATICA SERVIÇOS,SUPRIMÁTICA SERVIÇOS,Suprimatica,SUPRIMATICA SERVIÇOS,SUPRIMATICA,Suprimatica,65500.0,65500.0,True,FABRICANTE
32630391,UNAERP | ATUALIZAÇÃO REDE LAN CORE DA UNIDADE DO GUARUJA | DELL,86ajxx4kf,LEGACY TI,LEGACY TI,4Server,LEGACY TI,86agg6j56,4Server,6585.11,6585.11,False,FABRICANTE
29146102,ZILOR - UNIDADE DE QUATA - DELL,86ajxx4m8,POS GARANTIA DELL EMC,DELL EMC,Ingram Micro,POS GARANTIA DELL EMC,DELL,Ingram Micro,5300.0,5300.0,False,FABRICANTE
26337852,NOVA AMERICA | ARMAZENAMENTO DE IMAGENS | DELL E FORTINET,86ajxx4mj,SERVIDOR DELL EMC,DELL EMC,Ingram Micro,SERVIDOR DELL EMC,DELL ,Ingram Micro,73000.0,73000.0,False,FABRICANTE
26337852,NOVA AMERICA | ARMAZENAMENTO DE IMAGENS | DELL E FORTINET,86ajxx4mj,SERVIDOR DELL EMC,DELL EMC,Ingram Micro,SERVIDOR DELL EMC,DELL ,Ingram Micro,73000.0,32200.0,False,FABRICANTE+VALOR
26337852,NOVA AMERICA | ARMAZENAMENTO DE IMAGENS | DELL E FORTINET,86ajxx4mj,SERVIDOR DELL EMC,DELL EMC,Ingram Micro,SERVIDOR DELL EMC,DELL ,Ingram Micro,73000.0,97900.0,False,FABRICANTE+VALOR
26337852,NOVA AMERICA | ARMAZENAMENTO DE IMAGENS | DELL E FORTINET,86ajxx4mj,SERVIDOR DELL EMC,DELL EMC,Ingram Micro,SERVIDOR DELL EMC,DELL ,Ingram Micro,32200.0,73000.0,False,FABRICANTE+VALOR
26337852,NOVA AMERICA | ARMAZENAMENTO DE IMAGENS | DELL E FORTINET,86ajxx4mj,SERVIDOR DELL EMC,DELL EMC,Ingram Micro,SERVIDOR DELL EMC,DELL ,Ingram Micro,32200.0,32200.0,False,FABRICANTE
26337852,NOVA AMERICA | ARMAZENAMENTO DE IMAGENS | DELL E FORTINET,86ajxx4mj,SERVIDOR DELL EMC,DELL EMC,Ingram Micro,SERVIDOR DELL EMC,DELL ,Ingram Micro,32200.0,97900.0,False,FABRICANTE+VALOR
26337852,NOVA AMERICA | ARMAZENAMENTO DE IMAGENS | DELL E FORTINET,86ajxx4mj,SERVIDOR DELL EMC,DELL EMC,Ingram Micro,SERVIDOR DELL EMC,DELL ,Ingram Micro,97900.0,73000.0,False,FABRICANTE+VALOR
26337852,NOVA AMERICA | ARMAZENAMENTO DE IMAGENS | DELL E FORTINET,86ajxx4mj,SERVIDOR DELL EMC,DELL EMC,Ingram Micro,SERVIDOR DELL EMC,DELL ,Ingram Micro,97900.0,32200.0,False,FABRICANTE+VALOR
26337852,NOVA AMERICA | ARMAZENAMENTO DE IMAGENS | DELL E FORTINET,86ajxx4mj,SERVIDOR DELL EMC,DELL EMC,Ingram Micro,SERVIDOR DELL EMC,DELL ,Ingram Micro,97900.0,97900.0,False,FABRICANTE
34348032,TRIMESTRAL - SUPRIMATICA CLOUD - JUL/AGO/SET,86ajxx4n9,CLOUD AZURE,MICROSOFT,Ingram Micro,CLOUD AZURE,AZURE,Ingram Micro,6934.94,6934.94,False,FABRICANTE
23338526,UNIMED LIMEIRA | ATUALIZAÇÃO DO FIREWALL | FORTINET,86ajxx4pg,SUPRIMATICA SERVIÇOS,SUPRIMÁTICA SERVIÇOS,Suprimatica,SUPRIMATICA SERVIÇOS,SUPRIMATICA,Suprimatica,14000.0,14000.0,True,FABRICANTE
20870019,KGM PRODUZA | SERVIDOR VIRTUALIZAÇÃO | DELL,86ajxx4q3,SERVIDOR DELL EMC,DELL EMC,Ingram Micro,SERVIDOR DELL EMC,DELL ,Ingram Micro,227142.36,227142.36,False,FABRICANTE
20870019,KGM PRODUZA | SERVIDOR VIRTUALIZAÇÃO | DELL,86ajxx4q3,SUPRIMATICA SERVIÇOS,SUPRIMÁTICA SERVIÇOS,Suprimatica,SUPRIMATICA SERVIÇOS,SUPRIMATICA,Suprimatica,45000.0,45000.0,True,FABRICANTE
32472695,Unimed Ribeirão Preto | ESTUDO PARA TECHREFRESH DO DATACENTER,86ajxx4qx,SERVIDOR DELL EMC,DELL EMC,Ingram Micro,SERVIDOR DELL EMC,DELL ,Ingram Micro,364913.07,364913.07,False,FABRICANTE
32472695,Unimed Ribeirão Preto | ESTUDO PARA TECHREFRESH DO DATACENTER,86ajxx4qx,SERVIDOR DELL EMC,DELL EMC,Ingram Micro,SERVIDOR DELL EMC,DELL ,Ingram Micro,364913.07,50226.26,False,FABRICANTE+VALOR
32472695,Unimed Ribeirão Preto | ESTUDO PARA TECHREFRESH DO DATACENTER,86ajxx4qx,SERVIDOR DELL EMC,DELL EMC,Ingram Micro,SERVIDOR DELL EMC,DELL ,Ingram Micro,364913.07,59789.31,False,FABRICANTE+VALOR
32472695,Unimed Ribeirão Preto | ESTUDO PARA TECHREFRESH DO DATACENTER,86ajxx4qx,SERVIDOR DELL EMC,DELL EMC,Ingram Micro,SERVIDOR DELL EMC,DELL ,Ingram Micro,50226.26,364913.07,False,FABRICANTE+VALOR
32472695,Unimed Ribeirão Preto | ESTUDO PARA TECHREFRESH DO DATACENTER,86ajxx4qx,SERVIDOR DELL EMC,DELL EMC,Ingram Micro,SERVIDOR DELL EMC,DELL ,Ingram Micro,50226.26,50226.26,False,FABRICANTE
32472695,Unimed Ribeirão Preto | ESTUDO PARA TECHREFRESH DO DATACENTER,86ajxx4qx,SERVIDOR DELL EMC,DELL EMC,Ingram Micro,SERVIDOR DELL EMC,DELL ,Ingram Micro,50226.26,59789.31,False,FABRICANTE+VALOR
32472695,Unimed Ribeirão Preto | ESTUDO PARA TECHREFRESH DO DATACENTER,86ajxx4qx,SERVIDOR DELL EMC,DELL EMC,Ingram Micro,SERVIDOR DELL EMC,DELL ,Ingram Micro,59789.31,364913.07,False,FABRICANTE+VALOR
32472695,Unimed Ribeirão Preto | ESTUDO PARA TECHREFRESH DO DATACENTER,86ajxx4qx,SERVIDOR DELL EMC,DELL EMC,Ingram Micro,SERVIDOR DELL EMC,DELL ,Ingram Micro,59789.31,50226.26,False,FABRICANTE+VALOR
32472695,Unimed Ribeirão Preto | ESTUDO PARA TECHREFRESH DO DATACENTER,86ajxx4qx,SERVIDOR DELL EMC,DELL EMC,Ingram Micro,SERVIDOR DELL EMC,DELL ,Ingram Micro,59789.31,59789.31,False,FABRICANTE
32472695,Unimed Ribeirão Preto | ESTUDO PARA TECHREFRESH DO DATACENTER,86ajxx4qx,STORAGE DELL EMC,DELL EMC,Ingram Micro,STORAGE DELL EMC,DELL ,Ingram Micro,539682.0,539682.0,False,FABRICANTE
32472695,Unimed Ribeirão Preto | ESTUDO PARA TECHREFRESH DO DATACENTER,86ajxx4qx,NETWORKING DELL EMC,DELL EMC,Ingram Micro,NETWORKING DELL EMC,DELL,Ingram Micro,24807.2,24807.2,False,FABRICANTE
32472695,Unimed Ribeirão Preto | ESTUDO PARA TECHREFRESH DO DATACENTER,86ajxx4qx,SUPRIMATICA SERVIÇOS,SUPRIMÁTICA SERVIÇOS,Suprimatica,SUPRIMATICA SERVIÇOS,SUPRIMATICA,Suprimatica,30000.0,30000.0,True,FABRICANTE
32472695,Unimed Ribeirão Preto | ESTUDO PARA TECHREFRESH DO DATACENTER,86ajxx4qx,VMWARE OPEN,VMWARE,TD Synnex,VMWARE OPEN,BROADCOM,TD Synnex,31285.89,31285.89,False,FABRICANTE
34880716,ZILOR - SALTO BOTELHO (GARANTIAS),86ajxx4rm,POS GARANTIA DELL EMC,DELL EMC,Ingram Micro,POS GARANTIA DELL EMC,DELL,Ingram Micro,84391.81,84391.81,False,FABRICANTE
34880716,ZILOR - SALTO BOTELHO (GARANTIAS),86ajxx4rm,VMWARE OPEN,VMWARE,TD Synnex,VMWARE OPEN,BROADCOM,TD Synnex,33241.91,33241.91,False,FABRICANTE
33310569,TRIMESTRAL - SUPRIMATICA CLOUD - ABR/MAIO/JUN,86ajxx4t4,CLOUD AZURE,MICROSOFT,Ingram Micro,CLOUD AZURE,AZURE,Ingram Micro,6935.59,6935.59,False,FABRICANTE
35583237,CONTRATOS  SSU - AGT,86ajxx4tf,SSU CONTRATOS,SUPRIMÁTICA SERVIÇOS,Suprimatica,SSU CONTRATOS,SUPRIMATICA,Suprimatica,172102.44,172102.44,True,FABRICANTE
36050328,UNAERP - SERIVÇOS (VMWARE),86ajxx4vw,SUPRIMATICA SERVIÇOS,SUPRIMÁTICA SERVIÇOS,Suprimatica,SUPRIMATICA SERVIÇOS,SUPRIMATICA,Suprimatica,22000.0,22000.0,True,FABRICANTE
36050642,UNAERP - VMWARE (RENOVAÇÃO),86ajxx4w8,VMWARE OPEN,VMWARE,TD Synnex,VMWARE OPEN,BROADCOM,TD Synnex,190000.0,190000.0,False,FABRICANTE
33297569,LWART - VDI (2025-2026),86ajxx4wq,VMWARE OPEN,VMWARE,TD Synnex,VMWARE OPEN,BROADCOM,TD Synnex,76338.8,76338.8,False,FABRICANTE
33871395,UNIMED LONDRINA | FIREWALL FORTINET | HOSPITAL,86ajxx4wx,SUPRIMATICA SERVIÇOS,SUPRIMÁTICA SERVIÇOS,Suprimatica,SUPRIMATICA SERVIÇOS,SUPRIMATICA,Suprimatica,20000.0,20000.0,True,FABRICANTE
35942560,Contratos SSU - SET,86ajxx4x6,SSU CONTRATOS,SUPRIMÁTICA SERVIÇOS,Suprimatica,SSU CONTRATOS,SUPRIMATICA,Suprimatica,181273.48,181273.48,True,FABRICANTE
28825169,SUPRIMATICA CLOUD - JAN/FEV/MAR-2025,86ajxx4xg,CLOUD AZURE,MICROSOFT,Ingram Micro,CLOUD AZURE,AZURE,Ingram Micro,40.52,40.52,False,FABRICANTE
35550812,CONTRATOS MENSAIS SSU -  JUL,86ajxx4ya,SSU CONTRATOS,SUPRIMÁTICA SERVIÇOS,Suprimatica,SSU CONTRATOS,SUPRIMATICA,Suprimatica,168132.21,168132.21,True,FABRICANTE
23507732,UNIMED ARARAQUARA | PROJETO BACKUP,86ajxx4yr,SERVIDOR SUPER MICRO,POSITIVO,Ingram Micro,SERVIDOR SUPER MICRO,SUPER MICRO,Ingram Micro,57000.0,57000.0,False,FABRICANTE
23507732,UNIMED ARARAQUARA | PROJETO BACKUP,86ajxx4yr,SUPRIMATICA SERVIÇOS,SUPRIMÁTICA SERVIÇOS,Suprimatica,SUPRIMATICA SERVIÇOS,SUPRIMATICA,Suprimatica,5000.0,5000.0,True,FABRICANTE
33062931,UNIMED LONDRINA - SSU_ADITIVO HOSPITAL,86ajxx4z2,SSU CONTRATOS,SUPRIMÁTICA SERVIÇOS,Suprimatica,SSU CONTRATOS,SUPRIMATICA,Suprimatica,0.0,0.0,True,FABRICANTE
31559254,ASICS BRASIL - DELL (GARANTIA),86ajxx515,POS GARANTIA DELL EMC,DELL EMC,Ingram Micro,POS GARANTIA DELL EMC,DELL,Ingram Micro,13365.26,13365.26,False,FABRICANTE
33394175,ZILOR - UNIDADE DE QUATA - ORACLE PRODUÇAO UQT,86ajxx51b,SERVIDOR DELL EMC,DELL EMC,Ingram Micro,SERVIDOR DELL EMC,DELL ,Ingram Micro,15745.0,15745.0,False,FABRICANTE
26469523,OJI PAPÉIS | APs (DIRETORIA) | FORTINET,86ajxx531,SUPRIMATICA SERVIÇOS,SUPRIMÁTICA SERVIÇOS,Suprimatica,SUPRIMATICA SERVIÇOS,SUPRIMATICA,Suprimatica,16000.0,16000.0,True,FABRICANTE
28308904,UNIMED VOLTA REDONDA | UPGRADE PARA POWER STORE | DELL,86ajxx53n,STORAGE DELL EMC,DELL EMC,Ingram Micro,STORAGE DELL EMC,DELL ,Ingram Micro,469751.0,469751.0,False,FABRICANTE
28308904,UNIMED VOLTA REDONDA | UPGRADE PARA POWER STORE | DELL,86ajxx53n,STORAGE DELL EMC,DELL EMC,Ingram Micro,STORAGE DELL EMC,DELL ,Ingram Micro,469751.0,234875.5,False,FABRICANTE+VALOR
28308904,UNIMED VOLTA REDONDA | UPGRADE PARA POWER STORE | DELL,86ajxx53n,STORAGE DELL EMC,DELL EMC,Ingram Micro,STORAGE DELL EMC,DELL ,Ingram Micro,234875.5,469751.0,False,FABRICANTE+VALOR
28308904,UNIMED VOLTA REDONDA | UPGRADE PARA POWER STORE | DELL,86ajxx53n,STORAGE DELL EMC,DELL EMC,Ingram Micro,STORAGE DELL EMC,DELL ,Ingram Micro,234875.5,234875.5,False,FABRICANTE
34023956,UNIMED VOLTA REDONDA - DELL (GARANTIA 25),86ajxx557,POS GARANTIA DELL EMC,DELL EMC,Ingram Micro,POS GARANTIA DELL EMC,DELL,Ingram Micro,185000.0,185000.0,False,FABRICANTE
32980571,ASICS BRASIL | SERVIDOR PARA BACKUP VEEAM,86ajxx560,SERVIDOR DELL EMC,DELL EMC,Ingram Micro,SERVIDOR DELL EMC,DELL ,Ingram Micro,57335.98,57335.98,False,FABRICANTE
34143595,UNIMED BEBEDOURO - HPE (LEGACY),86ajxx566,LEGACY TI,LEGACY TI,4Server,LEGACY TI,86agg6j56,4Server,3313.33,3313.33,False,FABRICANTE
33407262,UNIMED VOLTA REDONDA - DELL GARANTIA (25-26),86ajxx56t,POS GARANTIA DELL EMC,DELL EMC,Ingram Micro,POS GARANTIA DELL EMC,DELL,Ingram Micro,183960.94,183960.94,False,FABRICANTE
32206948,ESTRUTEL | SERVIÇOS DE IMPLEMENTAÇÃO,86ajxx572,SUPRIMATICA SERVIÇOS,SUPRIMÁTICA SERVIÇOS,Suprimatica,SUPRIMATICA SERVIÇOS,SUPRIMATICA,Suprimatica,47500.0,47500.0,True,FABRICANTE
29863399,FRIGOL - HPE (DISCO),86ajxx577,LEGACY TI,LEGACY TI,4Server,LEGACY TI,86agg6j56,4Server,2500.0,2500.0,False,FABRICANTE
29899166,CENTRO MEDICO SOROCABA | DISCOS MSA 2050 | HPE,86ajxx57h,LEGACY TI,LEGACY TI,4Server,LEGACY TI,86agg6j56,4Server,10411.43,10411.43,False,FABRICANTE
33690473,SUPRIMATICA SERVIÇOS UNIFICADOS (SSU) - MAIO,86ajxx58h,SSU CONTRATOS,SUPRIMÁTICA SERVIÇOS,Suprimatica,SSU CONTRATOS,SUPRIMATICA,Suprimatica,167077.49,167077.49,True,FABRICANTE
33691375,SUPRIMATICA SERVIÇOS UNIFICADOS (SSU) - JUN,86ajxx5ad,SSU CONTRATOS,SUPRIMÁTICA SERVIÇOS,Suprimatica,SSU CONTRATOS,SUPRIMATICA,Suprimatica,164163.49,164163.49,True,FABRICANTE
27016044,UNIMED REGIONAL DE CAMPO MOURAO - VEEAM E DELL(GARANTIA),86ajxx5b8,POS GARANTIA DELL EMC,DELL EMC,Ingram Micro,POS GARANTIA DELL EMC,DELL,Ingram Micro,9662.32,9662.32,False,FABRICANTE
24480454,TMG - DELL - TECH REFRESH PARA AMBIENTE VIRTUAL PARA 2 UNIDADES,86ajxx5c9,SERVIDOR DELL EMC,DELL EMC,Ingram Micro,SERVIDOR DELL EMC,DELL ,Ingram Micro,313064.1,313064.1,False,FABRICANTE
24480454,TMG - DELL - TECH REFRESH PARA AMBIENTE VIRTUAL PARA 2 UNIDADES,86ajxx5c9,SERVIDOR DELL EMC,DELL EMC,Ingram Micro,SERVIDOR DELL EMC,DELL ,Ingram Micro,313064.1,65478.02,False,FABRICANTE+VALOR
24480454,TMG - DELL - TECH REFRESH PARA AMBIENTE VIRTUAL PARA 2 UNIDADES,86ajxx5c9,SERVIDOR DELL EMC,DELL EMC,Ingram Micro,SERVIDOR DELL EMC,DELL ,Ingram Micro,313064.1,348638.85,False,FABRICANTE+VALOR
24480454,TMG - DELL - TECH REFRESH PARA AMBIENTE VIRTUAL PARA 2 UNIDADES,86ajxx5c9,SERVIDOR DELL EMC,DELL EMC,Ingram Micro,SERVIDOR DELL EMC,DELL ,Ingram Micro,313064.1,67924.56,False,FABRICANTE+VALOR
24480454,TMG - DELL - TECH REFRESH PARA AMBIENTE VIRTUAL PARA 2 UNIDADES,86ajxx5c9,SERVIDOR DELL EMC,DELL EMC,Ingram Micro,SERVIDOR DELL EMC,DELL ,Ingram Micro,65478.02,313064.1,False,FABRICANTE+VALOR
24480454,TMG - DELL - TECH REFRESH PARA AMBIENTE VIRTUAL PARA 2 UNIDADES,86ajxx5c9,SERVIDOR DELL EMC,DELL EMC,Ingram Micro,SERVIDOR DELL EMC,DELL ,Ingram Micro,65478.02,65478.02,False,FABRICANTE
24480454,TMG - DELL - TECH REFRESH PARA AMBIENTE VIRTUAL PARA 2 UNIDADES,86ajxx5c9,SERVIDOR DELL EMC,DELL EMC,Ingram Micro,SERVIDOR DELL EMC,DELL ,Ingram Micro,65478.02,348638.85,False,FABRICANTE+VALOR
24480454,TMG - DELL - TECH REFRESH PARA AMBIENTE VIRTUAL PARA 2 UNIDADES,86ajxx5c9,SERVIDOR DELL EMC,DELL EMC,Ingram Micro,SERVIDOR DELL EMC,DELL ,Ingram Micro,65478.02,67924.56,False,FABRICANTE+VALOR
24480454,TMG - DELL - TECH REFRESH PARA AMBIENTE VIRTUAL PARA 2 UNIDADES,86ajxx5c9,STORAGE DELL EMC,DELL EMC,Ingram Micro,STORAGE DELL EMC,DELL ,Ingram Micro,165917.14,165917.14,False,FABRICANTE
24480454,TMG - DELL - TECH REFRESH PARA AMBIENTE VIRTUAL PARA 2 UNIDADES,86ajxx5c9,STORAGE DELL EMC,DELL EMC,Ingram Micro,STORAGE DELL EMC,DELL ,Ingram Micro,165917.14,163879.4,False,FABRICANTE+VALOR
24480454,TMG - DELL - TECH REFRESH PARA AMBIENTE VIRTUAL PARA 2 UNIDADES,86ajxx5c9,BACKUP EM FITA DELL EMC,DELL EMC,Ingram Micro,BACKUP EM FITA DELL EMC,DELL,Ingram Micro,84360.8,84360.8,False,FABRICANTE
24480454,TMG - DELL - TECH REFRESH PARA AMBIENTE VIRTUAL PARA 2 UNIDADES,86ajxx5c9,BACKUP EM FITA DELL EMC,DELL EMC,Ingram Micro,BACKUP EM FITA DELL EMC,DELL,Ingram Micro,84360.8,82202.17,False,FABRICANTE+VALOR
24480454,TMG - DELL - TECH REFRESH PARA AMBIENTE VIRTUAL PARA 2 UNIDADES,86ajxx5c9,VMWARE OPEN,VMWARE,Ingram Micro,VMWARE OPEN,BROADCOM,TD Synnex,46557.51,46557.51,False,FABRICANTE+DISTRIBUIDOR
24480454,TMG - DELL - TECH REFRESH PARA AMBIENTE VIRTUAL PARA 2 UNIDADES,86ajxx5c9,VMWARE OPEN,VMWARE,Ingram Micro,VMWARE OPEN,BROADCOM,TD Synnex,46557.51,69836.27,False,FABRICANTE+DISTRIBUIDOR+VALOR
24480454,TMG - DELL - TECH REFRESH PARA AMBIENTE VIRTUAL PARA 2 UNIDADES,86ajxx5c9,SERVIDOR DELL EMC,DELL EMC,Ingram Micro,SERVIDOR DELL EMC,DELL ,Ingram Micro,348638.85,313064.1,False,FABRICANTE+VALOR
24480454,TMG - DELL - TECH REFRESH PARA AMBIENTE VIRTUAL PARA 2 UNIDADES,86ajxx5c9,SERVIDOR DELL EMC,DELL EMC,Ingram Micro,SERVIDOR DELL EMC,DELL ,Ingram Micro,348638.85,65478.02,False,FABRICANTE+VALOR
24480454,TMG - DELL - TECH REFRESH PARA AMBIENTE VIRTUAL PARA 2 UNIDADES,86ajxx5c9,SERVIDOR DELL EMC,DELL EMC,Ingram Micro,SERVIDOR DELL EMC,DELL ,Ingram Micro,348638.85,348638.85,False,FABRICANTE
24480454,TMG - DELL - TECH REFRESH PARA AMBIENTE VIRTUAL PARA 2 UNIDADES,86ajxx5c9,SERVIDOR DELL EMC,DELL EMC,Ingram Micro,SERVIDOR DELL EMC,DELL ,Ingram Micro,348638.85,67924.56,False,FABRICANTE+VALOR
24480454,TMG - DELL - TECH REFRESH PARA AMBIENTE VIRTUAL PARA 2 UNIDADES,86ajxx5c9,SERVIDOR DELL EMC,DELL EMC,Ingram Micro,SERVIDOR DELL EMC,DELL ,Ingram Micro,67924.56,313064.1,False,FABRICANTE+VALOR
24480454,TMG - DELL - TECH REFRESH PARA AMBIENTE VIRTUAL PARA 2 UNIDADES,86ajxx5c9,SERVIDOR DELL EMC,DELL EMC,Ingram Micro,SERVIDOR DELL EMC,DELL ,Ingram Micro,67924.56,65478.02,False,FABRICANTE+VALOR
24480454,TMG - DELL - TECH REFRESH PARA AMBIENTE VIRTUAL PARA 2 UNIDADES,86ajxx5c9,SERVIDOR DELL EMC,DELL EMC,Ingram Micro,SERVIDOR DELL EMC,DELL ,Ingram Micro,67924.56,348638.85,False,FABRICANTE+VALOR
24480454,TMG - DELL - TECH REFRESH PARA AMBIENTE VIRTUAL PARA 2 UNIDADES,86ajxx5c9,SERVIDOR DELL EMC,DELL EMC,Ingram Micro,SERVIDOR DELL EMC,DELL ,Ingram Micro,67924.56,67924.56,False,FABRICANTE
24480454,TMG - DELL - TECH REFRESH PARA AMBIENTE VIRTUAL PARA 2 UNIDADES,86ajxx5c9,STORAGE DELL EMC,DELL EMC,Ingram Micro,STORAGE DELL EMC,DELL ,Ingram Micro,163879.4,165917.14,False,FABRICANTE+VALOR
24480454,TMG - DELL - TECH REFRESH PARA AMBIENTE VIRTUAL PARA 2 UNIDADES,86ajxx5c9,STORAGE DELL EMC,DELL EMC,Ingram Micro,STORAGE DELL EMC,DELL ,Ingram Micro,163879.4,163879.4,False,FABRICANTE
24480454,TMG - DELL - TECH REFRESH PARA AMBIENTE VIRTUAL PARA 2 UNIDADES,86ajxx5c9,BACKUP EM FITA DELL EMC,DELL EMC,Ingram Micro,BACKUP EM FITA DELL EMC,DELL,Ingram Micro,82202.17,84360.8,False,FABRICANTE+VALOR
24480454,TMG - DELL - TECH REFRESH PARA AMBIENTE VIRTUAL PARA 2 UNIDADES,86ajxx5c9,BACKUP EM FITA DELL EMC,DELL EMC,Ingram Micro,BACKUP EM FITA DELL EMC,DELL,Ingram Micro,82202.17,82202.17,False,FABRICANTE
24480454,TMG - DELL - TECH REFRESH PARA AMBIENTE VIRTUAL PARA 2 UNIDADES,86ajxx5c9,VMWARE OPEN,VMWARE,Ingram Micro,VMWARE OPEN,BROADCOM,TD Synnex,69836.27,46557.51,False,FABRICANTE+DISTRIBUIDOR+VALOR
24480454,TMG - DELL - TECH REFRESH PARA AMBIENTE VIRTUAL PARA 2 UNIDADES,86ajxx5c9,VMWARE OPEN,VMWARE,Ingram Micro,VMWARE OPEN,BROADCOM,TD Synnex,69836.27,69836.27,False,FABRICANTE+DISTRIBUIDOR
24480454,TMG - DELL - TECH REFRESH PARA AMBIENTE VIRTUAL PARA 2 UNIDADES,86ajxx5c9,SUPRIMATICA SERVIÇOS,SUPRIMÁTICA SERVIÇOS,Suprimatica,SUPRIMATICA SERVIÇOS,SUPRIMATICA,Suprimatica,100500.0,100500.0,True,FABRICANTE
24480454,TMG - DELL - TECH REFRESH PARA AMBIENTE VIRTUAL PARA 2 UNIDADES,86ajxx5c9,LEGACY TI,LEGACY TI,Legacy TI,LEGACY TI,86agg6j56,4Server,79283.96,79283.96,False,FABRICANTE+DISTRIBUIDOR
24480454,TMG - DELL - TECH REFRESH PARA AMBIENTE VIRTUAL PARA 2 UNIDADES,86ajxx5c9,MICROSOFT,MICROSOFT,Ingram Micro,LICENCIAMENTO MICROSOFT,MICROSOFT,Ingram Micro,17205.14,17205.14,False,NOME_PRODUTO
33379043,USINA COLORADO | RENOVAÇAO GARANTIA | DELL,86ajxx5cn,POS GARANTIA DELL EMC,DELL EMC,Ingram Micro,POS GARANTIA DELL EMC,DELL,Ingram Micro,1876.45,1876.45,False,FABRICANTE
21281536,LUIZ LEONARDOS - VMWARE,86ajxx5dt,VMWARE OPEN,VMWARE,Ingram Micro,VMWARE OPEN,BROADCOM,TD Synnex,8410.63,8410.63,False,FABRICANTE+DISTRIBUIDOR
21219290,UNIMED VOLTA REDONDA - VEEAM 2024,86ajxx5e7,SERVIDOR DELL EMC,DELL EMC,Ingram Micro,SERVIDOR DELL EMC,DELL ,Ingram Micro,220619.84,220619.84,False,FABRICANTE
21219290,UNIMED VOLTA REDONDA - VEEAM 2024,86ajxx5e7,BACKUP EM FITA DELL EMC,DELL EMC,Ingram Micro,BACKUP EM FITA DELL EMC,DELL,Ingram Micro,175704.04,175704.04,False,FABRICANTE
21219290,UNIMED VOLTA REDONDA - VEEAM 2024,86ajxx5e7,SUPRIMATICA SERVIÇOS,SUPRIMÁTICA SERVIÇOS,Suprimatica,SUPRIMATICA SERVIÇOS,SUPRIMATICA,Suprimatica,55000.0,55000.0,True,FABRICANTE
22216853,UNIMED COP - POS GARANTIA FABRICANTES,86ajxx5f8,POS GARANTIA DELL EMC,DELL EMC,Ingram Micro,POS GARANTIA DELL EMC,DELL,Ingram Micro,66652.84,66652.84,False,FABRICANTE
21639618,QUINELATO - RENOVAÇÕES SUPORTE,86ajxx5fc,POS GARANTIA DELL EMC,DELL EMC,Ingram Micro,POS GARANTIA DELL EMC,DELL,Ingram Micro,27410.91,27410.91,False,FABRICANTE
23652994,SSU - ABRIL - 2024,86ajxx5gb,SSU CONTRATOS,SUPRIMÁTICA SERVIÇOS,Suprimatica,SSU CONTRATOS,SUPRIMATICA,Suprimatica,152215.57,152215.57,True,FABRICANTE
27546105,SUPRIMATICA CLOUD - OUT/NOV/DEZ-2024,86ajxx5gj,CLOUD AZURE,MICROSOFT,Ingram Micro,CLOUD AZURE,AZURE,Ingram Micro,38.36,38.36,False,FABRICANTE
27546186,SSU - OUTUBRO - 2024,86ajxx5gw,SSU CONTRATOS,SUPRIMÁTICA SERVIÇOS,Suprimatica,SSU CONTRATOS,SUPRIMATICA,Suprimatica,171518.07,171518.07,True,FABRICANTE
27546349,SSU - NOVEMBRO - 2024,86ajxx5h7,SSU CONTRATOS,SUPRIMÁTICA SERVIÇOS,Suprimatica,SSU CONTRATOS,SUPRIMATICA,Suprimatica,171769.41,171769.41,True,FABRICANTE
28814024,UNIMED VOLTA REDONDA - DELL (GARANTIA STORAGE(,86ajxx5hk,POS GARANTIA DELL EMC,DELL EMC,Ingram Micro,POS GARANTIA DELL EMC,DELL,Ingram Micro,33900.0,33900.0,False,FABRICANTE
28823784,SSU - DEZEMBRO - 2024,86ajxx5hw,SSU CONTRATOS,SUPRIMÁTICA SERVIÇOS,Suprimatica,SSU CONTRATOS,SUPRIMATICA,Suprimatica,171769.41,171769.41,True,FABRICANTE
32683851,USINA SÃO MANOEL - DELL (GARANTIAS 2025),86ajxx5jm,POS GARANTIA DELL EMC,DELL EMC,Ingram Micro,POS GARANTIA DELL EMC,DELL,Ingram Micro,75177.47,75177.47,False,FABRICANTE
32683851,USINA SÃO MANOEL - DELL (GARANTIAS 2025),86ajxx5jm,POS GARANTIA DELL EMC,DELL EMC,Ingram Micro,POS GARANTIA DELL EMC,DELL,Ingram Micro,75177.47,33022.63,False,FABRICANTE+VALOR
32683851,USINA SÃO MANOEL - DELL (GARANTIAS 2025),86ajxx5jm,POS GARANTIA DELL EMC,DELL EMC,Ingram Micro,POS GARANTIA DELL EMC,DELL,Ingram Micro,33022.63,75177.47,False,FABRICANTE+VALOR
32683851,USINA SÃO MANOEL - DELL (GARANTIAS 2025),86ajxx5jm,POS GARANTIA DELL EMC,DELL EMC,Ingram Micro,POS GARANTIA DELL EMC,DELL,Ingram Micro,33022.63,33022.63,False,FABRICANTE
32687785,UNIMED COP - DELL (GARANTIA 25-26),86ajxx5jr,POS GARANTIA DELL EMC,DELL EMC,Ingram Micro,POS GARANTIA DELL EMC,DELL,Ingram Micro,97000.0,97000.0,False,FABRICANTE
31800319,UNIMED PIRACICABA - SUPRIMATICA,86ajxx5k3,SUPRIMATICA SERVIÇOS,SUPRIMÁTICA SERVIÇOS,Suprimatica,SUPRIMATICA SERVIÇOS,SUPRIMATICA,Suprimatica,1490.0,1490.0,True,FABRICANTE
29344896,NOVA AMERICA | SERVIÇOS NOVO SITE DR,86ajxx5kb,SUPRIMATICA SERVIÇOS,SUPRIMÁTICA SERVIÇOS,Suprimatica,SUPRIMATICA SERVIÇOS,SUPRIMATICA,Suprimatica,40000.0,40000.0,True,FABRICANTE
29067183,ZILOR - UNIDADE DE QUATA - VMWARE (EUA),86ajxx5kp,VMWARE OPEN,VMWARE,TD Synnex,VMWARE OPEN,BROADCOM,TD Synnex,44572.8,44572.8,False,FABRICANTE
32594924,UNIMED VOLTA REDONDA - VMWARE,86ajxx5kx,VMWARE OPEN,VMWARE,TD Synnex,VMWARE OPEN,BROADCOM,TD Synnex,507352.32,507352.32,False,FABRICANTE
32087278,NOVA AMERICA - VDI (OMNISSA),86ajxx5mp,VMWARE OPEN,VMWARE,TD Synnex,VMWARE OPEN,BROADCOM,TD Synnex,27844.85,27844.85,False,FABRICANTE
26034278,ASICS BRASIL | LICENÇAS | VEEAM,86ajxx5nr,SUPRIMATICA SERVIÇOS,SUPRIMÁTICA SERVIÇOS,Suprimatica,SUPRIMATICA SERVIÇOS,SUPRIMATICA,Suprimatica,18000.0,18000.0,True,FABRICANTE
24031239,KGM PRODUZA | SSU,86ajxx5qh,SSU CONTRATOS,SUPRIMÁTICA SERVIÇOS,Suprimatica,SSU CONTRATOS,SUPRIMATICA,Suprimatica,0.0,0.0,True,FABRICANTE
32931167,UNIMED FEDERAÇÃO MS (DISCO BACKUP),86ajxx5ru,LEGACY TI,LEGACY TI,4Server,LEGACY TI,86agg6j56,4Server,4200.0,4200.0,False,FABRICANTE
32262201,UNIMED JABOTICABAL - FORTINET,86ajxx5th,SUPRIMATICA SERVIÇOS,SUPRIMÁTICA SERVIÇOS,Suprimatica,SUPRIMATICA SERVIÇOS,SUPRIMATICA,Suprimatica,8000.0,8000.0,True,FABRICANTE
32802937,SSU-ABRIL-2025,86ajxx5u4,SSU CONTRATOS,SUPRIMÁTICA SERVIÇOS,Suprimatica,SSU CONTRATOS,SUPRIMATICA,Suprimatica,163784.09,163784.09,True,FABRICANTE
31557750,QUINELATO - DELL-FORTINET-VEEAM,86ajxx5v7,POS GARANTIA DELL EMC,DELL EMC,Ingram Micro,POS GARANTIA DELL EMC,DELL,Ingram Micro,36043.58,36043.58,False,FABRICANTE
28082170,UNIMED VOLTA REDONDA | UPGRADE DISCOS SERVIDOR ML350 | HPE,86ajxx5vj,LEGACY TI,LEGACY TI,4Server,LEGACY TI,86agg6j56,4Server,56828.57,56828.57,False,FABRICANTE
28082170,UNIMED VOLTA REDONDA | UPGRADE DISCOS SERVIDOR ML350 | HPE,86ajxx5vj,SUPRIMATICA SERVIÇOS,SUPRIMÁTICA SERVIÇOS,Suprimatica,SUPRIMATICA SERVIÇOS,SUPRIMATICA,Suprimatica,4500.0,4500.0,True,FABRICANTE
32254954,HOSPITAL E MATERNIDADE SANTA ISABEL - SERVIÇOS,86ajxx5vu,SUPRIMATICA SERVIÇOS,SUPRIMÁTICA SERVIÇOS,Suprimatica,SUPRIMATICA SERVIÇOS,SUPRIMATICA,Suprimatica,4800.0,4800.0,True,FABRICANTE
22149203,UNIMED JABOTICABAL - DELL - ATUALIZAÇÃO DC,86ajxx5w1,SERVIDOR DELL EMC,DELL EMC,Ingram Micro,SERVIDOR DELL EMC,DELL ,Ingram Micro,457574.95,457574.95,False,FABRICANTE
22149203,UNIMED JABOTICABAL - DELL - ATUALIZAÇÃO DC,86ajxx5w1,STORAGE DELL EMC,DELL EMC,Ingram Micro,STORAGE DELL EMC,DELL ,Ingram Micro,191372.94,191372.94,False,FABRICANTE
22149203,UNIMED JABOTICABAL - DELL - ATUALIZAÇÃO DC,86ajxx5w1,NETWORKING DELL EMC,DELL EMC,Ingram Micro,NETWORKING DELL EMC,DELL,Ingram Micro,69795.8,69795.8,False,FABRICANTE
22149203,UNIMED JABOTICABAL - DELL - ATUALIZAÇÃO DC,86ajxx5w1,VMWARE OPEN,VMWARE,Ingram Micro,VMWARE OPEN,BROADCOM,TD Synnex,104943.36,104943.36,False,FABRICANTE+DISTRIBUIDOR
22149203,UNIMED JABOTICABAL - DELL - ATUALIZAÇÃO DC,86ajxx5w1,SUPRIMATICA SERVIÇOS,SUPRIMÁTICA SERVIÇOS,Suprimatica,SUPRIMATICA SERVIÇOS,SUPRIMATICA,Suprimatica,40000.0,40000.0,True,FABRICANTE
31625863,NOVA AMERICA - VMWARE (GARANTIAS),86ajxx5wf,VMWARE OPEN,VMWARE,TD Synnex,VMWARE OPEN,BROADCOM,TD Synnex,309805.24,309805.24,False,FABRICANTE
29473210,UNIMED ARARAQUARA - DELL (GARANTIAS),86ajxx5xh,POS GARANTIA DELL EMC,DELL EMC,Ingram Micro,POS GARANTIA DELL EMC,DELL,Ingram Micro,32931.99,32931.99,False,FABRICANTE
23956577,LWART SOLUCOES AMBIENTAIS LTDA - DELL ESTUDO DE ATUALIZAÇÃO DO DATA CENTER,86ajxx5y1,SERVIDOR DELL EMC,DELL EMC,Ingram Micro,SERVIDOR DELL EMC,DELL ,Ingram Micro,1066893.9,1066893.9,False,FABRICANTE
23956577,LWART SOLUCOES AMBIENTAIS LTDA - DELL ESTUDO DE ATUALIZAÇÃO DO DATA CENTER,86ajxx5y1,STORAGE DELL EMC,DELL EMC,Ingram Micro,STORAGE DELL EMC,DELL ,Ingram Micro,621014.08,621014.08,False,FABRICANTE
23956577,LWART SOLUCOES AMBIENTAIS LTDA - DELL ESTUDO DE ATUALIZAÇÃO DO DATA CENTER,86ajxx5y1,NETWORKING DELL EMC,DELL EMC,Ingram Micro,NETWORKING DELL EMC,DELL,Ingram Micro,160059.06,160059.06,False,FABRICANTE
23956577,LWART SOLUCOES AMBIENTAIS LTDA - DELL ESTUDO DE ATUALIZAÇÃO DO DATA CENTER,86ajxx5y1,SUPRIMATICA SERVIÇOS,SUPRIMÁTICA SERVIÇOS,Suprimatica,SUPRIMATICA SERVIÇOS,SUPRIMATICA,Suprimatica,55000.0,55000.0,True,FABRICANTE
23956577,LWART SOLUCOES AMBIENTAIS LTDA - DELL ESTUDO DE ATUALIZAÇÃO DO DATA CENTER,86ajxx5y1,BACKUP EM DISCO DELL EMC,DELL EMC,Ingram Micro,BACKUP EM DISCO DELL EMC,DELL,Ingram Micro,783511.84,783511.84,False,FABRICANTE
26644014,FERRO | REDE SEGMENTADA A SEGURANÇA | FORTINET,86ajxx5yu,SUPRIMATICA SERVIÇOS,SUPRIMÁTICA SERVIÇOS,Suprimatica,SUPRIMATICA SERVIÇOS,SUPRIMATICA,Suprimatica,12000.0,12000.0,True,FABRICANTE
31517320,UNISALESIANO LINS - SUPRIMÁTICA,86ajxx60m,SUPRIMATICA SERVIÇOS,SUPRIMÁTICA SERVIÇOS,Suprimatica,SUPRIMATICA SERVIÇOS,SUPRIMATICA,Suprimatica,5800.0,5800.0,True,FABRICANTE
31545436,UNIMED JABOTICABAL - HPE (DISCO),86ajxx60z,LEGACY TI,LEGACY TI,4Server,LEGACY TI,86agg6j56,4Server,2417.0,2417.0,False,FABRICANTE
31517278,SSU-MARÇO-2025,86ajxx61a,SSU CONTRATOS,SUPRIMÁTICA SERVIÇOS,Suprimatica,SSU CONTRATOS,SUPRIMATICA,Suprimatica,163784.09,163784.09,True,FABRICANTE
31517028,SSU-FEVEREIRO-2025,86ajxx61j,SSU CONTRATOS,SUPRIMÁTICA SERVIÇOS,Suprimatica,SSU CONTRATOS,SUPRIMATICA,Suprimatica,165832.67,165832.67,True,FABRICANTE
28825559,SSU - JANEIRO - 2025,86ajxx61u,SSU CONTRATOS,SUPRIMÁTICA SERVIÇOS,Suprimatica,SSU CONTRATOS,SUPRIMATICA,Suprimatica,164890.06,164890.06,True,FABRICANTE
22897536,UNIMED MOCOCA - DELL ATUALIZAÇÃO TECNOLOGICA DO DATA CENTER,86ajxx620,SERVIDOR DELL EMC,DELL EMC,Ingram Micro,SERVIDOR DELL EMC,DELL ,Ingram Micro,179645.48,179645.48,False,FABRICANTE
22897536,UNIMED MOCOCA - DELL ATUALIZAÇÃO TECNOLOGICA DO DATA CENTER,86ajxx620,SERVIDOR DELL EMC,DELL EMC,Ingram Micro,SERVIDOR DELL EMC,DELL ,Ingram Micro,179645.48,22586.79,False,FABRICANTE+VALOR
22897536,UNIMED MOCOCA - DELL ATUALIZAÇÃO TECNOLOGICA DO DATA CENTER,86ajxx620,SERVIDOR DELL EMC,DELL EMC,Ingram Micro,SERVIDOR DELL EMC,DELL ,Ingram Micro,22586.79,179645.48,False,FABRICANTE+VALOR
22897536,UNIMED MOCOCA - DELL ATUALIZAÇÃO TECNOLOGICA DO DATA CENTER,86ajxx620,SERVIDOR DELL EMC,DELL EMC,Ingram Micro,SERVIDOR DELL EMC,DELL ,Ingram Micro,22586.79,22586.79,False,FABRICANTE
22897536,UNIMED MOCOCA - DELL ATUALIZAÇÃO TECNOLOGICA DO DATA CENTER,86ajxx620,SUPRIMATICA SERVIÇOS,SUPRIMÁTICA SERVIÇOS,Suprimatica,SUPRIMATICA SERVIÇOS,SUPRIMATICA,Suprimatica,35000.0,35000.0,True,FABRICANTE
27583893,CADI - SERVIDOR DE IMAGEM DELL,86ajxx639,SERVIDOR DELL EMC,DELL EMC,Ingram Micro,SERVIDOR DELL EMC,DELL ,Ingram Micro,150481.02,150481.02,False,FABRICANTE
23192555,CENTRO MÉDICO | DELL | EXPANSÃO DO CLUSTER NO AMBIENTE DE VIRTUALIZAÇÃO,86ajxx63h,SERVIDOR DELL EMC,DELL EMC,Ingram Micro,SERVIDOR DELL EMC,DELL ,Ingram Micro,248712.3,248712.3,False,FABRICANTE
23192555,CENTRO MÉDICO | DELL | EXPANSÃO DO CLUSTER NO AMBIENTE DE VIRTUALIZAÇÃO,86ajxx63h,SUPRIMATICA SERVIÇOS,SUPRIMÁTICA SERVIÇOS,Suprimatica,SUPRIMATICA SERVIÇOS,SUPRIMATICA,Suprimatica,24000.0,24000.0,True,FABRICANTE
22114875,UNIMED SÃO CARLOS - VMWARE POS GARANTIA,86ajxx63y,VMWARE OPEN,VMWARE,TD Synnex,VMWARE OPEN,BROADCOM,TD Synnex,49271.27,49271.27,False,FABRICANTE
29732098,MINERVA- VMWARE,86ajxx64c,VMWARE OPEN,VMWARE,TD Synnex,VMWARE OPEN,BROADCOM,TD Synnex,56645.76,56645.76,False,FABRICANTE
26196642,UNIMED COP - VMWARE E VDI,86ajxx656,VMWARE OPEN,VMWARE,Ingram Micro,VMWARE OPEN,BROADCOM,TD Synnex,49848.0,49848.0,False,FABRICANTE+DISTRIBUIDOR
26196642,UNIMED COP - VMWARE E VDI,86ajxx656,VMWARE OPEN,VMWARE,Ingram Micro,VMWARE OPEN,BROADCOM,TD Synnex,49848.0,17111.94,False,FABRICANTE+DISTRIBUIDOR+VALOR
26196642,UNIMED COP - VMWARE E VDI,86ajxx656,VMWARE OPEN,VMWARE,Ingram Micro,VMWARE OPEN,BROADCOM,TD Synnex,17111.94,49848.0,False,FABRICANTE+DISTRIBUIDOR+VALOR
26196642,UNIMED COP - VMWARE E VDI,86ajxx656,VMWARE OPEN,VMWARE,Ingram Micro,VMWARE OPEN,BROADCOM,TD Synnex,17111.94,17111.94,False,FABRICANTE+DISTRIBUIDOR
24594846,HOSPITAL UNIMED LONDRINA - NOVO DATACENTER  ALLETRA MP,86ajxx65d,SERVIDOR HPE,HPE,Ingram Micro,SERVIDOR HPE,HPE,Ingram Micro,491749.96,456499.86,False,VALOR
24594846,HOSPITAL UNIMED LONDRINA - NOVO DATACENTER  ALLETRA MP,86ajxx65d,SERVIDOR HPE,HPE,Ingram Micro,SERVIDOR HPE,HPE,Ingram Micro,456499.86,491749.96,False,VALOR
24594846,HOSPITAL UNIMED LONDRINA - NOVO DATACENTER  ALLETRA MP,86ajxx65d,VEEAM OEM  HPE,HPE,Ingram Micro,VEEAM OEM  HPE,VEEAM,Ingram Micro,199704.1,199704.1,False,FABRICANTE
24594846,HOSPITAL UNIMED LONDRINA - NOVO DATACENTER  ALLETRA MP,86ajxx65d,SUPRIMATICA SERVIÇOS,SUPRIMÁTICA SERVIÇOS,Suprimatica,SUPRIMATICA SERVIÇOS,SUPRIMATICA,Suprimatica,110000.0,110000.0,True,FABRICANTE
24594846,HOSPITAL UNIMED LONDRINA - NOVO DATACENTER  ALLETRA MP,86ajxx65d,VMWARE OPEN,VMWARE,Ingram Micro,VMWARE OPEN,BROADCOM,TD Synnex,166324.71,166324.71,False,FABRICANTE+DISTRIBUIDOR
23976145,UNIMED JABOTICABAL - DELL (GARANTIAS),86ajxx65w,POS GARANTIA DELL EMC,DELL EMC,Ingram Micro,POS GARANTIA DELL EMC,DELL,Ingram Micro,5767.31,5767.31,False,FABRICANTE
29054847,UNIMED JABOTICABAL - DELL,86ajxx67u,SERVIDOR DELL EMC,DELL EMC,Ingram Micro,SERVIDOR DELL EMC,DELL ,Ingram Micro,7300.0,7300.0,False,FABRICANTE
28696069,UNIMED ASSIS - SUPRIMATICA (SERVIÇOS),86ajxx664,SUPRIMATICA SERVIÇOS,SUPRIMÁTICA SERVIÇOS,Suprimatica,SUPRIMATICA SERVIÇOS,SUPRIMATICA,Suprimatica,49000.0,49000.0,True,FABRICANTE
28261230,ASICS BRASIL - LEGACY,86ajxx6a9,LEGACY TI,LEGACY TI,Legacy TI,LEGACY TI,86agg6j56,4Server,19000.0,19000.0,False,FABRICANTE+DISTRIBUIDOR
28261230,ASICS BRASIL - LEGACY,86ajxx6a9,SUPRIMATICA SERVIÇOS,SUPRIMÁTICA SERVIÇOS,Suprimatica,SUPRIMATICA SERVIÇOS,SUPRIMATICA,Suprimatica,10000.0,10000.0,True,FABRICANTE
27973503,TMG - RONDONÓPOLIS - DELL,86ajxx6bu,SERVIDOR DELL EMC,DELL EMC,Ingram Micro,SERVIDOR DELL EMC,DELL ,Ingram Micro,13180.0,13180.0,False,FABRICANTE
27584393,VITERRA BIOENERGIA S.A - DELL E HPE (GARANTIA),86ajxx6cy,POS GARANTIA DELL EMC,DELL EMC,Ingram Micro,POS GARANTIA DELL EMC,DELL,Ingram Micro,68770.6,68770.6,False,FABRICANTE
27486422,TMG - UNIDADE DE RONDONÓPOLIS - OUTROS,86ajxx6a4,CARDSTUDIO2.0 - Profissional,ZEBRA,Ingram Micro,(AUSENTE),,,10654.16,,False,PRODUTO_AUSENTE_NO_SUPABASE
27486422,TMG - UNIDADE DE RONDONÓPOLIS - OUTROS,86ajxx6a4,(NÃO EXISTE NO AGENDOR),,,VMWARE OPEN,BROADCOM,Ingram Micro,,10654.16,,PRODUTO_EXTRA_NO_SUPABASE
26847377,CASA DI CONTI - VMWARE - BOTEC,86ajxx6ch,VMWARE OPEN,VMWARE,Ingram Micro,VMWARE OPEN,BROADCOM,TD Synnex,97017.29,97017.29,False,FABRICANTE+DISTRIBUIDOR
26497589,SALESIANO DE LINS - DELL (GARANTIAS),86ajxx6hy,POS GARANTIA DELL EMC,DELL EMC,Ingram Micro,POS GARANTIA DELL EMC,DELL,Ingram Micro,13096.38,13096.38,False,FABRICANTE
26256774,TMG - DELL (GARANTIA),86ajxx6jh,POS GARANTIA DELL EMC,DELL EMC,Ingram Micro,POS GARANTIA DELL EMC,DELL,Ingram Micro,7520.78,7520.78,False,FABRICANTE
26177489,LUIZ LEONARDOS & ADVOGADOS - VMWARE (GARANTIA),86ajxx6p7,VMWARE OPEN,VMWARE,Ingram Micro,VMWARE OPEN,BROADCOM,TD Synnex,62081.79,62081.79,False,FABRICANTE+DISTRIBUIDOR
26052433,UNIMED ANHANGUERA - SUPRIMATICA,86ajxx6r0,SUPRIMATICA SERVIÇOS,SUPRIMÁTICA SERVIÇOS,Suprimatica,SUPRIMATICA SERVIÇOS,SUPRIMATICA,Suprimatica,50000.0,50000.0,True,FABRICANTE
26052366,UNIMED ANHANGUERA - SWITCH DELL,86ajxx6ra,NETWORKING DELL EMC,DELL EMC,Ingram Micro,NETWORKING DELL EMC,DELL,Ingram Micro,28898.06,28898.06,False,FABRICANTE
25912002,USINA SÃO MANOEL - DELL (GARANTIA),86ajxx6px,POS GARANTIA DELL EMC,DELL EMC,Ingram Micro,POS GARANTIA DELL EMC,DELL,Ingram Micro,31630.0,31630.0,False,FABRICANTE
25741170,UNAERP - VMWARE (SUPRIMATICA),86ajxx6pj,SUPRIMATICA SERVIÇOS,SUPRIMÁTICA SERVIÇOS,Suprimatica,SUPRIMATICA SERVIÇOS,SUPRIMATICA,Suprimatica,2000.0,2000.0,True,FABRICANTE
25738892,USINA SÃO MANOEL - DELL (VIRTUALIZAÇÃO),86ajxx69d,SERVIDOR DELL EMC,DELL EMC,Ingram Micro,SERVIDOR DELL EMC,DELL ,Ingram Micro,325332.33,325332.33,False,FABRICANTE
25738892,USINA SÃO MANOEL - DELL (VIRTUALIZAÇÃO),86ajxx69d,SUPRIMATICA SERVIÇOS,SUPRIMÁTICA SERVIÇOS,Suprimatica,SUPRIMATICA SERVIÇOS,SUPRIMATICA,Suprimatica,25000.0,25000.0,True,FABRICANTE
25738767,USINA SÃO MANOEL - VMWARE (GARANTIA),86ajxx6mv,VMWARE OPEN,VMWARE,Ingram Micro,VMWARE OPEN,BROADCOM,TD Synnex,117265.6,117265.6,False,FABRICANTE+DISTRIBUIDOR
25132911,UNIMED CAMPO MOURAO - VEEAM,86ajxx6g9,SUPRIMATICA SERVIÇOS,SUPRIMÁTICA SERVIÇOS,Suprimatica,SUPRIMATICA SERVIÇOS,SUPRIMATICA,Suprimatica,4800.0,4800.0,True,FABRICANTE
24851683,UNIMED VOLTA REDONDA - DELL GBIC,86ajxx6zq,NETWORKING DELL EMC,DELL EMC,Ingram Micro,NETWORKING DELL EMC,DELL,Ingram Micro,4702.16,4702.16,False,FABRICANTE
24846955,UNIMED LINS - FORTINET,86ajxx6vj,SUPRIMATICA SERVIÇOS,SUPRIMÁTICA SERVIÇOS,Suprimatica,SUPRIMATICA SERVIÇOS,SUPRIMATICA,Suprimatica,12000.0,12000.0,True,FABRICANTE
24587329,UNIMED COP - DELL (GARANTIA),86ajxx6wn,POS GARANTIA DELL EMC,DELL EMC,Ingram Micro,POS GARANTIA DELL EMC,DELL,Ingram Micro,13362.19,13362.19,False,FABRICANTE
24558587,UNIMED ANHANGUERA - LEGACY,86ajxx70y,LEGACY TI,LEGACY TI,Legacy TI,LEGACY TI,86agg6j56,4Server,4180.0,4180.0,False,FABRICANTE+DISTRIBUIDOR
24547657,ZILOR - DELL (GARANTIA - UNIDADE UBG,86ajxx71e,POS GARANTIA DELL EMC,DELL EMC,Ingram Micro,POS GARANTIA DELL EMC,DELL,Ingram Micro,16328.11,16328.11,False,FABRICANTE
24486819,USINA MANOEL - DELL (GARANTIA),86ajxx71m,POS GARANTIA DELL EMC,DELL EMC,Ingram Micro,POS GARANTIA DELL EMC,DELL,Ingram Micro,2300.0,2300.0,False,FABRICANTE
23847096,UNIMED VOLTA REDONDA - DELL GARANTIA,86ajxx6z9,POS GARANTIA DELL EMC,DELL EMC,Ingram Micro,POS GARANTIA DELL EMC,DELL,Ingram Micro,123739.82,123739.82,False,FABRICANTE
23847096,UNIMED VOLTA REDONDA - DELL GARANTIA,86ajxx6z9,POS GARANTIA DELL EMC,DELL EMC,Ingram Micro,POS GARANTIA DELL EMC,DELL,Ingram Micro,123739.82,22773.07,False,FABRICANTE+VALOR
23847096,UNIMED VOLTA REDONDA - DELL GARANTIA,86ajxx6z9,POS GARANTIA DELL EMC,DELL EMC,Ingram Micro,POS GARANTIA DELL EMC,DELL,Ingram Micro,22773.07,123739.82,False,FABRICANTE+VALOR
23847096,UNIMED VOLTA REDONDA - DELL GARANTIA,86ajxx6z9,POS GARANTIA DELL EMC,DELL EMC,Ingram Micro,POS GARANTIA DELL EMC,DELL,Ingram Micro,22773.07,22773.07,False,FABRICANTE
23831715,VOLTA REDONDA - FORTINET (LOCAÇÃO),86ajxx6tn,SUPRIMATICA SERVIÇOS,SUPRIMÁTICA SERVIÇOS,Suprimatica,SUPRIMATICA SERVIÇOS,SUPRIMATICA,Suprimatica,42000.0,42000.0,True,FABRICANTE
23379383,UNIMED CAMPO MOURAO - DELL RENOVAÇÃO GARANTIA,86ajxx792,POS GARANTIA DELL EMC,DELL EMC,Ingram Micro,POS GARANTIA DELL EMC,DELL,Ingram Micro,2097.57,2097.57,False,FABRICANTE
23326861,UNAERP - VMWARE NOVAS LICENÇAS,86ajxx6fk,VMWARE OPEN,VMWARE,Ingram Micro,VMWARE OPEN,BROADCOM,TD Synnex,119520.35,119520.35,False,FABRICANTE+DISTRIBUIDOR
23261229,UNIMED LINS - RENOVAÇÃO GARANTIA,86ajxx66d,POS GARANTIA DELL EMC,DELL EMC,Ingram Micro,POS GARANTIA DELL EMC,DELL,Ingram Micro,73257.08,73257.08,False,FABRICANTE
23248353,USINA SÃO MANOEL - DELL,86ajxx7dp,SERVIDOR DELL EMC,DELL EMC,Ingram Micro,SERVIDOR DELL EMC,DELL ,Ingram Micro,850.0,850.0,False,FABRICANTE
23220411,UNAERP - LEGACY TI (UPG MEMORIAS),86ajxx6q6,LEGACY TI,LEGACY TI,Legacy TI,LEGACY TI,86agg6j56,4Server,81200.0,81200.0,False,FABRICANTE+DISTRIBUIDOR
23220411,UNAERP - LEGACY TI (UPG MEMORIAS),86ajxx6q6,SUPRIMATICA SERVIÇOS,SUPRIMÁTICA SERVIÇOS,Suprimatica,SUPRIMATICA SERVIÇOS,SUPRIMATICA,Suprimatica,6800.0,6800.0,True,FABRICANTE
23144505,UNAERP - SUPRIMATICA (REDE CORE),86ajxx7c4,SUPRIMATICA SERVIÇOS,SUPRIMÁTICA SERVIÇOS,Suprimatica,SUPRIMATICA SERVIÇOS,SUPRIMATICA,Suprimatica,3550.0,3550.0,True,FABRICANTE
22896685,UNIMED BEBEDOURO - ATUALIZAÇÃO DC / STORAGE,86ajxx6kg,DESKTOPS _NOTEBOOKS DELL EMC,DELL CLIENT,Ingram Micro,DESKTOPS _NOTEBOOKS DELL EMC,DELL,Ingram Micro,10530.98,10530.98,False,FABRICANTE
22896685,UNIMED BEBEDOURO - ATUALIZAÇÃO DC / STORAGE,86ajxx6kg,VMWARE OPEN,VMWARE,Ingram Micro,VMWARE OPEN,BROADCOM,TD Synnex,202551.05,202551.05,False,FABRICANTE+DISTRIBUIDOR
22896685,UNIMED BEBEDOURO - ATUALIZAÇÃO DC / STORAGE,86ajxx6kg,MICROSOFT,MICROSOFT,Ingram Micro,LICENCIAMENTO MICROSOFT,MICROSOFT,Ingram Micro,178672.0,178672.0,False,NOME_PRODUTO
22896685,UNIMED BEBEDOURO - ATUALIZAÇÃO DC / STORAGE,86ajxx6kg,SUPRIMATICA SERVIÇOS,SUPRIMÁTICA SERVIÇOS,Suprimatica,SUPRIMATICA SERVIÇOS,SUPRIMATICA,Suprimatica,80000.0,80000.0,True,FABRICANTE
22869784,MINERVA = VMWARE,86ajxx7eu,SUPRIMATICA SERVIÇOS,SUPRIMÁTICA SERVIÇOS,Suprimatica,SUPRIMATICA SERVIÇOS,SUPRIMATICA,Suprimatica,60000.0,60000.0,True,FABRICANTE
22685625,MINERVA - VMWARE OPEN,86ajxx7a8,VMWARE OPEN,VMWARE,Ingram Micro,VMWARE OPEN,BROADCOM,TD Synnex,332331.52,332331.52,False,FABRICANTE+DISTRIBUIDOR
22378688,QUATA - DELL  (BARRA GRANDE),86ajxx6gk,SERVIDOR DELL EMC,DELL EMC,Ingram Micro,SERVIDOR DELL EMC,DELL ,Ingram Micro,526360.83,526360.83,False,FABRICANTE
22378688,QUATA - DELL  (BARRA GRANDE),86ajxx6gk,STORAGE DELL EMC,DELL EMC,Ingram Micro,STORAGE DELL EMC,DELL ,Ingram Micro,205000.35,205000.35,False,FABRICANTE
22378688,QUATA - DELL  (BARRA GRANDE),86ajxx6gk,NETWORKING DELL EMC,DELL EMC,Ingram Micro,NETWORKING DELL EMC,DELL,Ingram Micro,104314.34,104314.34,False,FABRICANTE
22378688,QUATA - DELL  (BARRA GRANDE),86ajxx6gk,VMWARE OPEN,VMWARE,Ingram Micro,VMWARE OPEN,BROADCOM,TD Synnex,144324.48,144324.48,False,FABRICANTE+DISTRIBUIDOR
22378688,QUATA - DELL  (BARRA GRANDE),86ajxx6gk,SUPRIMATICA SERVIÇOS,SUPRIMÁTICA SERVIÇOS,Suprimatica,SUPRIMATICA SERVIÇOS,SUPRIMATICA,Suprimatica,48899.98,48899.98,True,FABRICANTE
22155397,UNIMED SÃO CARLOS - DELL EMC POS GARANTIA,86ajxx6b0,POS GARANTIA DELL EMC,DELL EMC,Ingram Micro,POS GARANTIA DELL EMC,DELL,Ingram Micro,275258.81,275258.81,False,FABRICANTE
22155397,UNIMED SÃO CARLOS - DELL EMC POS GARANTIA,86ajxx6b0,POS GARANTIA DELL EMC,DELL EMC,Ingram Micro,POS GARANTIA DELL EMC,DELL,Ingram Micro,275258.81,19611.01,False,FABRICANTE+VALOR
22155397,UNIMED SÃO CARLOS - DELL EMC POS GARANTIA,86ajxx6b0,POS GARANTIA DELL EMC,DELL EMC,Ingram Micro,POS GARANTIA DELL EMC,DELL,Ingram Micro,19611.01,275258.81,False,FABRICANTE+VALOR
22155397,UNIMED SÃO CARLOS - DELL EMC POS GARANTIA,86ajxx6b0,POS GARANTIA DELL EMC,DELL EMC,Ingram Micro,POS GARANTIA DELL EMC,DELL,Ingram Micro,19611.01,19611.01,False,FABRICANTE
22114854,LWART - VMWARE (GARANTIA),86ajxx6d5,VMWARE OPEN,VMWARE,Ingram Micro,VMWARE OPEN,BROADCOM,TD Synnex,72733.6,72733.6,False,FABRICANTE+DISTRIBUIDOR
22103534,UNIMED BEBEDOURO - OTG,86ajxx7dz,SUPORTE OTG,OTG,OTG,SUPORTE OTG,OTG,Ingram Micro,8049.6,8049.6,False,DISTRIBUIDOR
22089453,UNIMED ARARAQUARA - DELL POS GARANTIA 2,86ajxx75h,POS GARANTIA DELL EMC,DELL EMC,Ingram Micro,POS GARANTIA DELL EMC,DELL,Ingram Micro,30358.51,30358.51,False,FABRICANTE
22072698,UFECEP - SSU,86ajxx6w0,SSU CONTRATOS,SUPRIMÁTICA SERVIÇOS,Suprimatica,SSU CONTRATOS,SUPRIMATICA,Suprimatica,0.0,0.0,True,FABRICANTE
21948124,CASA DI CONTI - SERVIÇOS SUPRIMÁTICA,86ajxx7ne,SUPRIMATICA SERVIÇOS,SUPRIMÁTICA SERVIÇOS,Suprimatica,SUPRIMATICA SERVIÇOS,SUPRIMATICA,Suprimatica,66470.0,66470.0,True,FABRICANTE
21931633,UNIMED ARARAQUARA - DELL POS GARANTIA,86ajxx7mt,POS GARANTIA DELL EMC,DELL EMC,Ingram Micro,POS GARANTIA DELL EMC,DELL,Ingram Micro,4325.0,4325.0,False,FABRICANTE
21923619,ZILOR - DELL (GARANTIAS) SW BACKUP ELP,86ajxx6h5,POS GARANTIA DELL EMC,DELL EMC,Ingram Micro,POS GARANTIA DELL EMC,DELL,Ingram Micro,23800.0,23800.0,False,FABRICANTE
21923619,ZILOR - DELL (GARANTIAS) SW BACKUP ELP,86ajxx6h5,POS GARANTIA DELL EMC,DELL EMC,Ingram Micro,POS GARANTIA DELL EMC,DELL,Ingram Micro,23800.0,115671.6,False,FABRICANTE+VALOR
21923619,ZILOR - DELL (GARANTIAS) SW BACKUP ELP,86ajxx6h5,POS GARANTIA DELL EMC,DELL EMC,Ingram Micro,POS GARANTIA DELL EMC,DELL,Ingram Micro,115671.6,23800.0,False,FABRICANTE+VALOR
21923619,ZILOR - DELL (GARANTIAS) SW BACKUP ELP,86ajxx6h5,POS GARANTIA DELL EMC,DELL EMC,Ingram Micro,POS GARANTIA DELL EMC,DELL,Ingram Micro,115671.6,115671.6,False,FABRICANTE
21773883,HOSPITAL DE BASE - LEGACY TI,86ajxx7ru,LEGACY TI,LEGACY TI,Legacy TI,LEGACY TI,86agg6j56,4Server,35000.0,35000.0,False,FABRICANTE+DISTRIBUIDOR
21773883,HOSPITAL DE BASE - LEGACY TI,86ajxx7ru,LEGACY TI,LEGACY TI,Legacy TI,LEGACY TI,86agg6j56,4Server,35000.0,100826.88,False,FABRICANTE+DISTRIBUIDOR+VALOR
21773883,HOSPITAL DE BASE - LEGACY TI,86ajxx7ru,LEGACY TI,LEGACY TI,Legacy TI,LEGACY TI,86agg6j56,4Server,100826.88,35000.0,False,FABRICANTE+DISTRIBUIDOR+VALOR
21773883,HOSPITAL DE BASE - LEGACY TI,86ajxx7ru,LEGACY TI,LEGACY TI,Legacy TI,LEGACY TI,86agg6j56,4Server,100826.88,100826.88,False,FABRICANTE+DISTRIBUIDOR
21768150,CASA DI CONTI - DELL (SAP HANA),86ajxx785,SERVIDOR DELL EMC,DELL EMC,Ingram Micro,SERVIDOR DELL EMC,DELL ,Ingram Micro,1952225.66,1952225.66,False,FABRICANTE
21768150,CASA DI CONTI - DELL (SAP HANA),86ajxx785,STORAGE DELL EMC,DELL EMC,Ingram Micro,STORAGE DELL EMC,DELL ,Ingram Micro,422479.19,422479.19,False,FABRICANTE
21768150,CASA DI CONTI - DELL (SAP HANA),86ajxx785,NETWORKING DELL EMC,DELL EMC,Ingram Micro,NETWORKING DELL EMC,DELL,Ingram Micro,253436.91,253436.91,False,FABRICANTE
21768150,CASA DI CONTI - DELL (SAP HANA),86ajxx785,BACKUP EM DISCO DELL EMC,DELL EMC,Ingram Micro,BACKUP EM DISCO DELL EMC,DELL,Ingram Micro,426572.6,426572.6,False,FABRICANTE
21768150,CASA DI CONTI - DELL (SAP HANA),86ajxx785,BACKUP EM DISCO DELL EMC,DELL EMC,Ingram Micro,BACKUP EM DISCO DELL EMC,DELL,Ingram Micro,426572.6,206940.91,False,FABRICANTE+VALOR
21768150,CASA DI CONTI - DELL (SAP HANA),86ajxx785,BACKUP EM DISCO DELL EMC,DELL EMC,Ingram Micro,BACKUP EM DISCO DELL EMC,DELL,Ingram Micro,426572.6,404306.9,False,FABRICANTE+VALOR
21768150,CASA DI CONTI - DELL (SAP HANA),86ajxx785,BACKUP EM DISCO DELL EMC,DELL EMC,Ingram Micro,BACKUP EM DISCO DELL EMC,DELL,Ingram Micro,206940.91,426572.6,False,FABRICANTE+VALOR
21768150,CASA DI CONTI - DELL (SAP HANA),86ajxx785,BACKUP EM DISCO DELL EMC,DELL EMC,Ingram Micro,BACKUP EM DISCO DELL EMC,DELL,Ingram Micro,206940.91,206940.91,False,FABRICANTE
21768150,CASA DI CONTI - DELL (SAP HANA),86ajxx785,BACKUP EM DISCO DELL EMC,DELL EMC,Ingram Micro,BACKUP EM DISCO DELL EMC,DELL,Ingram Micro,206940.91,404306.9,False,FABRICANTE+VALOR
21768150,CASA DI CONTI - DELL (SAP HANA),86ajxx785,RED HAT OEM DELL EMC,DELL EMC,Ingram Micro,RED HAT OEM DELL EMC,RED HAT,Ingram Micro,556700.21,556700.21,False,FABRICANTE
21768150,CASA DI CONTI - DELL (SAP HANA),86ajxx785,VMWARE OPEN,VMWARE,Ingram Micro,VMWARE OPEN,BROADCOM,TD Synnex,897511.76,897511.76,False,FABRICANTE+DISTRIBUIDOR
21768150,CASA DI CONTI - DELL (SAP HANA),86ajxx785,SUPRIMATICA SERVIÇOS,SUPRIMÁTICA SERVIÇOS,Suprimatica,SUPRIMATICA SERVIÇOS,SUPRIMATICA,Suprimatica,75000.0,75000.0,True,FABRICANTE
21768150,CASA DI CONTI - DELL (SAP HANA),86ajxx785,BACKUP EM DISCO DELL EMC,DELL EMC,Ingram Micro,BACKUP EM DISCO DELL EMC,DELL,Ingram Micro,404306.9,426572.6,False,FABRICANTE+VALOR
21768150,CASA DI CONTI - DELL (SAP HANA),86ajxx785,BACKUP EM DISCO DELL EMC,DELL EMC,Ingram Micro,BACKUP EM DISCO DELL EMC,DELL,Ingram Micro,404306.9,206940.91,False,FABRICANTE+VALOR
21768150,CASA DI CONTI - DELL (SAP HANA),86ajxx785,BACKUP EM DISCO DELL EMC,DELL EMC,Ingram Micro,BACKUP EM DISCO DELL EMC,DELL,Ingram Micro,404306.9,404306.9,False,FABRICANTE
21746467,ACUCAREIRA QUATÁ - DELL POS GARANTIA,86ajxx7r2,POS GARANTIA DELL EMC,DELL EMC,Ingram Micro,POS GARANTIA DELL EMC,DELL,Ingram Micro,12739.12,12739.12,False,FABRICANTE
21467826,UNIMED VOLTA REDONDA - SSU,86ajxx6m8,SSU CONTRATOS,SUPRIMÁTICA SERVIÇOS,Suprimatica,SSU CONTRATOS,SUPRIMATICA,Suprimatica,0.0,0.0,True,FABRICANTE
21377804,UNIMED LINS - REDE (SERVIÇOS),86ajxx7m8,SUPRIMATICA SERVIÇOS,SUPRIMÁTICA SERVIÇOS,Suprimatica,SUPRIMATICA SERVIÇOS,SUPRIMATICA,Suprimatica,16000.0,16000.0,True,FABRICANTE
21339885,MINERVA - HPE ARGENTINA (VALIDAÇÃO DE COMPRA),86ajxx7d0,SUPRIMATICA SERVIÇOS,SUPRIMÁTICA SERVIÇOS,Suprimatica,SUPRIMATICA SERVIÇOS,SUPRIMATICA,Suprimatica,18000.0,18000.0,True,FABRICANTE
21162165,ACUCAREIRA QUATA - DELL (DISCOS UNIDADE QUATA),86ajxx7w7,SERVIDOR DELL EMC,DELL EMC,Ingram Micro,SERVIDOR DELL EMC,DELL ,Ingram Micro,10913.48,10913.48,False,FABRICANTE
21162165,ACUCAREIRA QUATA - DELL (DISCOS UNIDADE QUATA),86ajxx7w7,SUPRIMATICA SERVIÇOS,SUPRIMÁTICA SERVIÇOS,Suprimatica,SUPRIMATICA SERVIÇOS,SUPRIMATICA,Suprimatica,2000.0,2000.0,True,FABRICANTE
20952329,OJI PAPÉIS - SUPRIMATICA (JOB AVULSO),86ajxx8nh,SUPRIMATICA SERVIÇOS,SUPRIMÁTICA SERVIÇOS,Suprimatica,SUPRIMATICA SERVIÇOS,SUPRIMATICA,Suprimatica,2000.0,2000.0,True,FABRICANTE
20857015,MSMT - UNISALESIANO LINS  - DELL (POS GARANTIA),86ajxx7am,POS GARANTIA DELL EMC,DELL EMC,Ingram Micro,POS GARANTIA DELL EMC,DELL,Ingram Micro,9330.15,9330.15,False,FABRICANTE
20550186,NOVA AMERICA - FORTINET,86ajxx7av,SUPRIMATICA SERVIÇOS,SUPRIMÁTICA SERVIÇOS,Suprimatica,SUPRIMATICA SERVIÇOS,SUPRIMATICA,Suprimatica,60000.0,60000.0,True,FABRICANTE
20542352,CASA DI CONTI - SAP,86ajxx86m,SERVIDOR DELL EMC,DELL EMC,Ingram Micro,SERVIDOR DELL EMC,DELL ,Ingram Micro,212499.97,212499.97,False,FABRICANTE
20542352,CASA DI CONTI - SAP,86ajxx86m,SUPRIMATICA SERVIÇOS,SUPRIMÁTICA SERVIÇOS,Suprimatica,SUPRIMATICA SERVIÇOS,SUPRIMATICA,Suprimatica,10000.0,10000.0,True,FABRICANTE
20541237,CASA DI CONTI - AWS (MIGRAÇÃO),86ajxx8dg,(NÃO EXISTE NO AGENDOR),,,VMWARE OPEN,BROADCOM,Ingram Micro,,0.0,,PRODUTO_EXTRA_NO_SUPABASE
20436689,NOVA AMERICA - TECH REFRESH,86ajxx79r,SERVIDOR DELL EMC,DELL EMC,Ingram Micro,SERVIDOR DELL EMC,DELL ,Ingram Micro,864209.15,864209.15,False,FABRICANTE
20436689,NOVA AMERICA - TECH REFRESH,86ajxx79r,STORAGE DELL EMC,DELL EMC,Ingram Micro,STORAGE DELL EMC,DELL ,Ingram Micro,351550.4,351550.4,False,FABRICANTE
20436689,NOVA AMERICA - TECH REFRESH,86ajxx79r,VMWARE OPEN,VMWARE,Ingram Micro,VMWARE OPEN,BROADCOM,TD Synnex,108742.57,108742.57,False,FABRICANTE+DISTRIBUIDOR
20436689,NOVA AMERICA - TECH REFRESH,86ajxx79r,SUPRIMATICA SERVIÇOS,SUPRIMÁTICA SERVIÇOS,Suprimatica,SUPRIMATICA SERVIÇOS,SUPRIMATICA,Suprimatica,47500.0,47500.0,True,FABRICANTE
20312055,VITERRA - DELL EMC (POS GARANTIA),86ajxx8xu,POS GARANTIA DELL EMC,DELL EMC,Ingram Micro,POS GARANTIA DELL EMC,DELL,Ingram Micro,61294.58,61294.58,False,FABRICANTE
20305179,UNIMED RIBEIRAO PRETO - VMWARE,86ajxx8vt,VMWARE OPEN,VMWARE,Ingram Micro,VMWARE OPEN,BROADCOM,TD Synnex,5901.12,5901.12,False,FABRICANTE+DISTRIBUIDOR
20235576,ZILOR - DELL (UPGRADE DISCOS),86ajxx92g,SERVIDOR DELL EMC,DELL EMC,Ingram Micro,SERVIDOR DELL EMC,DELL ,Ingram Micro,7880.48,7880.48,False,FABRICANTE
20235576,ZILOR - DELL (UPGRADE DISCOS),86ajxx92g,SUPRIMATICA SERVIÇOS,SUPRIMÁTICA SERVIÇOS,Suprimatica,SUPRIMATICA SERVIÇOS,SUPRIMATICA,Suprimatica,2300.0,2300.0,True,FABRICANTE
20098094,USINA COLORADO - VMWARE POS GARANTIA,86ajxx8w5,VMWARE OPEN,VMWARE,Ingram Micro,VMWARE OPEN,BROADCOM,Ingram Micro,50451.51,616031.82,False,FABRICANTE+VALOR
20003235,UNIMED LINS - DELL (POS GARANTIA),86ajxx8yr,POS GARANTIA DELL EMC,DELL EMC,Ingram Micro,(AUSENTE),,,12915.98,,False,PRODUTO_AUSENTE_NO_SUPABASE
20003235,UNIMED LINS - DELL (POS GARANTIA),86ajxx8yr,(NÃO EXISTE NO AGENDOR),,,SERVIDOR HPE,HPE,Ingram Micro,,409991.37,,PRODUTO_EXTRA_NO_SUPABASE
19917192,UNIMED BAIXA MOGIANA - FORTINET  E DELL SUPORTE,86ajxx8vh,POS GARANTIA DELL EMC,DELL EMC,Ingram Micro,POS GARANTIA DELL EMC,DELL,Ingram Micro,37547.18,37547.18,False,FABRICANTE
19880866,ZILOR - UNIDADE DE QUATA - MICROSOFT,86ajxx908,MICROSOFT,MICROSOFT,Ingram Micro,LICENCIAMENTO MICROSOFT,MICROSOFT,Ingram Micro,125445.0,125445.0,False,NOME_PRODUTO
19619451,TAPETES SÃO CARLOS - SSU,86ajxx8u9,SSU CONTRATOS,SUPRIMÁTICA SERVIÇOS,Suprimatica,SSU CONTRATOS,SUPRIMATICA,Suprimatica,0.0,0.0,True,FABRICANTE
19618114,HOSPITAL E MATERNIDADE SANTA ISABEL - DELL EMC,86ajxx919,SERVIDOR DELL EMC,DELL EMC,Ingram Micro,SERVIDOR DELL EMC,DELL ,Ingram Micro,3766.2,3766.2,False,FABRICANTE
19617379,UNIMED REGIONAL BAIXA MOGIANA - FORTINET,86ajxx7vv,SUPRIMATICA SERVIÇOS,SUPRIMÁTICA SERVIÇOS,Suprimatica,SUPRIMATICA SERVIÇOS,SUPRIMATICA,Suprimatica,27000.0,27000.0,True,FABRICANTE
19560924,UNIMED LONDRINA - SSU,86ajxx8uy,SSU CONTRATOS,SUPRIMÁTICA SERVIÇOS,Suprimatica,SSU CONTRATOS,SUPRIMATICA,Suprimatica,0.0,0.0,True,FABRICANTE
19449736,OJI PAPÉIS - SSU,86ajxx6qr,SSU CONTRATOS,SUPRIMÁTICA SERVIÇOS,Suprimatica,SSU CONTRATOS,SUPRIMATICA,Suprimatica,0.0,0.0,True,FABRICANTE
19418610,LWART SOLUCOES AMBIENTAIS LTDA - ARUBA,86ajxx8v5,NETWORKING ARUBA,ARUBA,Ingram Micro,(AUSENTE),,,2097.12,,False,PRODUTO_AUSENTE_NO_SUPABASE
19418610,LWART SOLUCOES AMBIENTAIS LTDA - ARUBA,86ajxx8v5,(NÃO EXISTE NO AGENDOR),,,VMWARE OPEN,BROADCOM,Ingram Micro,,1910037.72,,PRODUTO_EXTRA_NO_SUPABASE
19418520,HOSPITAL DO CANCER DE LONDRINA - DELL,86ajxx94p,SUPORTE OTG,OTG,OTG,SUPORTE OTG,OTG,Ingram Micro,2900.0,2900.0,False,DISTRIBUIDOR
19418237,HOSPITAL DO CANCER DE LONDRINA - VMWARE,86ajxx95a,VMWARE OPEN,VMWARE,Ingram Micro,VMWARE OPEN,BROADCOM,TD Synnex,8657.98,8657.98,False,FABRICANTE+DISTRIBUIDOR
19418015,UNIMED VOLTA REDONDA - DELL,86ajxx95t,POS GARANTIA DELL EMC,DELL EMC,Ingram Micro,POS GARANTIA DELL EMC,DELL,Ingram Micro,213853.89,213853.89,False,FABRICANTE
19417758,Unimed São Carlos - DELL,86ajxx941,POS GARANTIA DELL EMC,DELL EMC,Ingram Micro,POS GARANTIA DELL EMC,DELL,Ingram Micro,141500.0,141500.0,False,FABRICANTE
19417035,UNIMED REGIONAL DE CAMPO MOURAO - DELL,86ajxx94f,POS GARANTIA DELL EMC,DELL EMC,Ingram Micro,POS GARANTIA DELL EMC,DELL,Ingram Micro,1981.46,1981.46,False,FABRICANTE
19410821,LWART - FORTINET,86ajxx7xx,SUPRIMATICA SERVIÇOS,SUPRIMÁTICA SERVIÇOS,Suprimatica,SUPRIMATICA SERVIÇOS,SUPRIMATICA,Suprimatica,5000.0,5000.0,True,FABRICANTE
19375689,CONTI - VMWARE,86ajxx91v,VMWARE OPEN,VMWARE,Ingram Micro,VMWARE OPEN,BROADCOM,TD Synnex,12824.81,12824.81,False,FABRICANTE+DISTRIBUIDOR
19375689,CONTI - VMWARE,86ajxx91v,VMWARE OPEN,VMWARE,Ingram Micro,VMWARE OPEN,BROADCOM,TD Synnex,12824.81,86758.1,False,FABRICANTE+DISTRIBUIDOR+VALOR
19375689,CONTI - VMWARE,86ajxx91v,VMWARE OPEN,VMWARE,Ingram Micro,VMWARE OPEN,BROADCOM,TD Synnex,86758.1,12824.81,False,FABRICANTE+DISTRIBUIDOR+VALOR
19375689,CONTI - VMWARE,86ajxx91v,VMWARE OPEN,VMWARE,Ingram Micro,VMWARE OPEN,BROADCOM,TD Synnex,86758.1,86758.1,False,FABRICANTE+DISTRIBUIDOR
19375504,UNAERP - VMWARE,86ajxx8va,VMWARE OPEN,VMWARE,Ingram Micro,VMWARE OPEN,BROADCOM,TD Synnex,11464.2,11464.2,False,FABRICANTE+DISTRIBUIDOR
19368227,ZILOR - UNIDADE DE QUATA 0 VMWARE,86ajxx8wb,VMWARE OPEN,VMWARE,Ingram Micro,VMWARE OPEN,BROADCOM,TD Synnex,7717.39,7717.39,False,FABRICANTE+DISTRIBUIDOR
19351539,UNIMED COP - DELL - MS-VMWARE - UPGRADE DSCOS E MEMÓRIAS,86ajxx85w,SERVIDOR DELL EMC,DELL EMC,Ingram Micro,SERVIDOR DELL EMC,DELL ,Ingram Micro,175402.65,175402.65,False,FABRICANTE
19351539,UNIMED COP - DELL - MS-VMWARE - UPGRADE DSCOS E MEMÓRIAS,86ajxx85w,VMWARE OPEN,VMWARE,Ingram Micro,VMWARE OPEN,BROADCOM,TD Synnex,3801.51,3801.51,False,FABRICANTE+DISTRIBUIDOR
19351539,UNIMED COP - DELL - MS-VMWARE - UPGRADE DSCOS E MEMÓRIAS,86ajxx85w,MICROSOFT,MICROSOFT,Ingram Micro,LICENCIAMENTO MICROSOFT,MICROSOFT,Ingram Micro,115813.94,115813.94,False,NOME_PRODUTO
19351539,UNIMED COP - DELL - MS-VMWARE - UPGRADE DSCOS E MEMÓRIAS,86ajxx85w,SUPRIMATICA SERVIÇOS,SUPRIMÁTICA SERVIÇOS,Suprimatica,SUPRIMATICA SERVIÇOS,SUPRIMATICA,Suprimatica,20600.0,20600.0,True,FABRICANTE
19346988,UNIMED BEBEDOURO - MICROSOFT,86ajxx93m,MICROSOFT,MICROSOFT,Ingram Micro,(AUSENTE),,,228000.01,,False,PRODUTO_AUSENTE_NO_SUPABASE
19346988,UNIMED BEBEDOURO - MICROSOFT,86ajxx93m,(NÃO EXISTE NO AGENDOR),,,NETWORKING FORTINET,FORTINET,Ingram Micro,,390508.66,,PRODUTO_EXTRA_NO_SUPABASE
19251630,UNIMED VOLTA REDONDA - DELL - SERVIDOR DE VMWARE,86ajxx862,SERVIDOR DELL EMC,DELL EMC,Ingram Micro,SERVIDOR DELL EMC,DELL ,Ingram Micro,1100291.64,1100291.64,False,FABRICANTE
19251630,UNIMED VOLTA REDONDA - DELL - SERVIDOR DE VMWARE,86ajxx862,NETWORKING DELL EMC,DELL EMC,Ingram Micro,NETWORKING DELL EMC,DELL,Ingram Micro,305793.84,305793.84,False,FABRICANTE
19251630,UNIMED VOLTA REDONDA - DELL - SERVIDOR DE VMWARE,86ajxx862,SUPRIMATICA SERVIÇOS,SUPRIMÁTICA SERVIÇOS,Suprimatica,SUPRIMATICA SERVIÇOS,SUPRIMATICA,Suprimatica,46000.0,46000.0,True,FABRICANTE
19243731,ZILOR - ATUALIZAÇÃO DATA CENTER,86ajxx8tr,SERVIDOR DELL EMC,DELL EMC,Ingram Micro,SERVIDOR DELL EMC,DELL ,Ingram Micro,615683.1,615683.1,False,FABRICANTE
19243731,ZILOR - ATUALIZAÇÃO DATA CENTER,86ajxx8tr,SERVIDOR DELL EMC,DELL EMC,Ingram Micro,SERVIDOR DELL EMC,DELL ,Ingram Micro,615683.1,62541.16,False,FABRICANTE+VALOR
19243731,ZILOR - ATUALIZAÇÃO DATA CENTER,86ajxx8tr,SERVIDOR DELL EMC,DELL EMC,Ingram Micro,SERVIDOR DELL EMC,DELL ,Ingram Micro,62541.16,615683.1,False,FABRICANTE+VALOR
19243731,ZILOR - ATUALIZAÇÃO DATA CENTER,86ajxx8tr,SERVIDOR DELL EMC,DELL EMC,Ingram Micro,SERVIDOR DELL EMC,DELL ,Ingram Micro,62541.16,62541.16,False,FABRICANTE
19243731,ZILOR - ATUALIZAÇÃO DATA CENTER,86ajxx8tr,STORAGE DELL EMC,DELL EMC,Ingram Micro,STORAGE DELL EMC,DELL ,Ingram Micro,449551.43,449551.43,False,FABRICANTE
19243731,ZILOR - ATUALIZAÇÃO DATA CENTER,86ajxx8tr,NETWORKING DELL EMC,DELL EMC,Ingram Micro,NETWORKING DELL EMC,DELL,Ingram Micro,163184.5,163184.5,False,FABRICANTE
19243731,ZILOR - ATUALIZAÇÃO DATA CENTER,86ajxx8tr,MICROSOFT,MICROSOFT,Ingram Micro,LICENCIAMENTO MICROSOFT,MICROSOFT,Ingram Micro,301068.0,301068.0,False,NOME_PRODUTO
19243731,ZILOR - ATUALIZAÇÃO DATA CENTER,86ajxx8tr,ORACLE,ORACLE,Ingram Micro,LICENÇA ORACLE STD2,ORACLE,Ingram Micro,59020.06,59020.06,False,NOME_PRODUTO
19243731,ZILOR - ATUALIZAÇÃO DATA CENTER,86ajxx8tr,SUPRIMATICA SERVIÇOS,SUPRIMÁTICA SERVIÇOS,Suprimatica,SUPRIMATICA SERVIÇOS,SUPRIMATICA,Suprimatica,80000.0,80000.0,True,FABRICANTE
19192526,UNIMED COP BAURU - VMWARE E MICROSOFT - SUPORTE,86ajxx970,VMWARE OPEN,VMWARE,Ingram Micro,VMWARE OPEN,BROADCOM,TD Synnex,14728.4,14728.4,False,FABRICANTE+DISTRIBUIDOR
19192526,UNIMED COP BAURU - VMWARE E MICROSOFT - SUPORTE,86ajxx970,MICROSOFT,MICROSOFT,Ingram Micro,LICENCIAMENTO MICROSOFT,MICROSOFT,Ingram Micro,33870.3,33870.3,False,NOME_PRODUTO
19180120,UNIMED ARARAQUARA - DELL EMC ATUALIZAÇÃO BANCO PROGRESS,86ajxx93b,SERVIDOR DELL EMC,DELL EMC,Ingram Micro,SERVIDOR DELL EMC,DELL ,Ingram Micro,113772.62,113772.62,False,FABRICANTE
19180120,UNIMED ARARAQUARA - DELL EMC ATUALIZAÇÃO BANCO PROGRESS,86ajxx93b,STORAGE DELL EMC,DELL EMC,Ingram Micro,STORAGE DELL EMC,DELL ,Ingram Micro,246026.47,246026.47,False,FABRICANTE
19180120,UNIMED ARARAQUARA - DELL EMC ATUALIZAÇÃO BANCO PROGRESS,86ajxx93b,SUPRIMATICA SERVIÇOS,SUPRIMÁTICA SERVIÇOS,Suprimatica,SUPRIMATICA SERVIÇOS,SUPRIMATICA,Suprimatica,20000.0,20000.0,True,FABRICANTE
19177330,LWART - VMWARE RENOVAÇÃO SUPORTE,86ajxx98b,VMWARE OPEN,VMWARE,Ingram Micro,VMWARE OPEN,BROADCOM,TD Synnex,176157.54,176157.54,False,FABRICANTE+DISTRIBUIDOR
19168682,UNIMED ANHANGUERA - DELL EMC - NOVO STORAGE PARA HOSPITAL,86ajxx936,STORAGE DELL EMC,DELL EMC,Ingram Micro,STORAGE DELL EMC,DELL ,Ingram Micro,169686.21,169686.21,False,FABRICANTE
19168682,UNIMED ANHANGUERA - DELL EMC - NOVO STORAGE PARA HOSPITAL,86ajxx936,SUPRIMATICA SERVIÇOS,SUPRIMÁTICA SERVIÇOS,Suprimatica,SUPRIMATICA SERVIÇOS,SUPRIMATICA,Suprimatica,26000.0,26000.0,True,FABRICANTE
19038324,UNIMED CAMPO GRANDE - HPE SUPORTE (RENOVAÇÃO),86ajxx927,POS GARANTIA HPE,HPE,Ingram Micro,(AUSENTE),,,333079.55,,False,PRODUTO_AUSENTE_NO_SUPABASE
19038324,UNIMED CAMPO GRANDE - HPE SUPORTE (RENOVAÇÃO),86ajxx927,(NÃO EXISTE NO AGENDOR),,,VMWARE OPEN,BROADCOM,Ingram Micro,,9070330.16,,PRODUTO_EXTRA_NO_SUPABASE
18889763,USINA SÃO MANOEL - FORTINTE E DELL EMC - REN. SUPORTE,86ajxx96m,POS GARANTIA DELL EMC,DELL EMC,Ingram Micro,POS GARANTIA DELL EMC,DELL,Ingram Micro,2373.72,2373.72,False,FABRICANTE
18880781,WABCO - SERVIÇOS SUPRIMÁTICA,86ajxx91n,SUPRIMATICA SERVIÇOS,SUPRIMÁTICA SERVIÇOS,Suprimatica,SUPRIMATICA SERVIÇOS,SUPRIMATICA,Suprimatica,16800.0,16800.0,True,FABRICANTE
18863442,DORI ALIMENTOS - SSU,86ajxx80g,SSU CONTRATOS,SUPRIMÁTICA SERVIÇOS,Suprimatica,SSU CONTRATOS,SUPRIMATICA,Suprimatica,0.0,0.0,True,FABRICANTE
18862109,BELA VISTA ALIMENTOS - SSU,86ajxx7zq,SSU CONTRATOS,SUPRIMÁTICA SERVIÇOS,Suprimatica,(AUSENTE),,,0.0,,True,PRODUTO_AUSENTE_NO_SUPABASE
18862109,BELA VISTA ALIMENTOS - SSU,86ajxx7zq,(NÃO EXISTE NO AGENDOR),,,NETWORKING FORTINET,FORTINET,Ingram Micro,,235293.32,,PRODUTO_EXTRA_NO_SUPABASE
18848099,UNIMED RIBEIRÃO PRETO - HPE - STORAGE PARA PACS E BACKUP,86ajxx98n,SERVIDOR HPE,HPE,Ingram Micro,SERVIDOR HPE,HPE,TD Synnex,172638.02,430138.56,False,DISTRIBUIDOR+VALOR
18848099,UNIMED RIBEIRÃO PRETO - HPE - STORAGE PARA PACS E BACKUP,86ajxx98n,SERVIDOR HPE,HPE,Ingram Micro,SERVIDOR HPE,HPE,TD Synnex,137975.99,430138.56,False,DISTRIBUIDOR+VALOR
18848099,UNIMED RIBEIRÃO PRETO - HPE - STORAGE PARA PACS E BACKUP,86ajxx98n,STORAGE HPE,HPE,Ingram Micro,(AUSENTE),,,319761.06,,False,PRODUTO_AUSENTE_NO_SUPABASE
18848099,UNIMED RIBEIRÃO PRETO - HPE - STORAGE PARA PACS E BACKUP,86ajxx98n,SUPRIMATICA SERVIÇOS,SUPRIMÁTICA SERVIÇOS,Suprimatica,(AUSENTE),,,30000.0,,True,PRODUTO_AUSENTE_NO_SUPABASE
25117769,SILO DA MODA - PROJETO REDE LAN - ARUBA,86ajxx66v,NETWORKING ARUBA,ARUBA,Ingram Micro,(AUSENTE),,,23264.22,,False,PRODUTO_AUSENTE_NO_SUPABASE
25117769,SILO DA MODA - PROJETO REDE LAN - ARUBA,86ajxx66v,SUPRIMATICA SERVIÇOS,SUPRIMÁTICA SERVIÇOS,Suprimatica,(AUSENTE),,,12000.0,,True,PRODUTO_AUSENTE_NO_SUPABASE
25117769,SILO DA MODA - PROJETO REDE LAN - ARUBA,86ajxx66v,(NÃO EXISTE NO AGENDOR),,,SERVIDOR HPE,HPE,Ingram Micro,,161619.68,,PRODUTO_EXTRA_NO_SUPABASE
25004037,SUPRIMATICA CLOUD - JUL/AGO/SET-2024,86ajxx6dy,CLOUD AZURE,MICROSOFT,Ingram Micro,CLOUD AZURE,AZURE,Ingram Micro,37.98,37.98,False,FABRICANTE
25824415,USINA COLORADO - DELL - SERVIDOR FLUXO,86ajxx6n1,SERVIDOR DELL EMC,DELL EMC,Ingram Micro,SERVIDOR DELL EMC,DELL ,Ingram Micro,41884.92,41884.92,False,FABRICANTE
25824415,USINA COLORADO - DELL - SERVIDOR FLUXO,86ajxx6n1,MICROSOFT,MICROSOFT,Ingram Micro,LICENCIAMENTO MICROSOFT,MICROSOFT,Ingram Micro,8800.0,8800.0,False,NOME_PRODUTO
26240322,SSU - SETEMBRO - 2024,86ajxx6nz,SSU CONTRATOS,SUPRIMÁTICA SERVIÇOS,Suprimatica,SSU CONTRATOS,SUPRIMATICA,Suprimatica,156006.65,156006.65,True,FABRICANTE
20956937,USINA SÃO MANOEL - ATUALIZAÇÃO DE STORAGE 2024,86ajxx6qe,STORAGE DELL EMC,DELL EMC,Ingram Micro,STORAGE DELL EMC,DELL ,Ingram Micro,356000.0,356000.0,False,FABRICANTE
20956937,USINA SÃO MANOEL - ATUALIZAÇÃO DE STORAGE 2024,86ajxx6qe,SUPRIMATICA SERVIÇOS,SUPRIMÁTICA SERVIÇOS,Suprimatica,SUPRIMATICA SERVIÇOS,SUPRIMATICA,Suprimatica,34000.0,34000.0,True,FABRICANTE
26061306,SSU - AGOSTO - 2024,86ajxx6td,SSU CONTRATOS,SUPRIMÁTICA SERVIÇOS,Suprimatica,SSU CONTRATOS,SUPRIMATICA,Suprimatica,155672.8,155672.8,True,FABRICANTE
18817310,UNIMED LINS - DELL -TECH REFRESH,86ajxx6u7,SERVIDOR DELL EMC,DELL EMC,Ingram Micro,SERVIDOR DELL EMC,DELL ,Ingram Micro,546859.5,546859.5,False,FABRICANTE
18817310,UNIMED LINS - DELL -TECH REFRESH,86ajxx6u7,NETWORKING DELL EMC,DELL EMC,Ingram Micro,NETWORKING DELL EMC,DELL,Ingram Micro,115955.48,115955.48,False,FABRICANTE
18817310,UNIMED LINS - DELL -TECH REFRESH,86ajxx6u7,STORAGE DELL EMC,DELL EMC,Ingram Micro,STORAGE DELL EMC,DELL ,Ingram Micro,170673.77,170673.77,False,FABRICANTE
18817310,UNIMED LINS - DELL -TECH REFRESH,86ajxx6u7,SUPRIMATICA SERVIÇOS,SUPRIMÁTICA SERVIÇOS,Suprimatica,SUPRIMATICA SERVIÇOS,SUPRIMATICA,Suprimatica,40000.0,40000.0,True,FABRICANTE
18817310,UNIMED LINS - DELL -TECH REFRESH,86ajxx6u7,VMWARE OPEN,VMWARE,Ingram Micro,VMWARE OPEN,BROADCOM,TD Synnex,84927.32,84927.32,False,FABRICANTE+DISTRIBUIDOR
24294584,UNIMED REGIONAL MARINGA - FORTINER (BACKUP COFRE VEEAM),86ajxx6uh,SUPRIMATICA SERVIÇOS,SUPRIMÁTICA SERVIÇOS,Suprimatica,SUPRIMATICA SERVIÇOS,SUPRIMATICA,Suprimatica,30000.0,30000.0,True,FABRICANTE
21051582,UNIMED LONDRINA - ARUBA LAN E WLAN,86ajxx6wy,NETWORKING ARUBA,ARUBA,Ingram Micro,NETWORKING ARUBA,ARUBA,Ingram Micro,500167.93,768211.74,False,VALOR
21051582,UNIMED LONDRINA - ARUBA LAN E WLAN,86ajxx6wy,NETWORKING ARUBA,ARUBA,Ingram Micro,NETWORKING ARUBA,ARUBA,Ingram Micro,500167.93,573302.34,False,VALOR
21051582,UNIMED LONDRINA - ARUBA LAN E WLAN,86ajxx6wy,NETWORKING ARUBA,ARUBA,Ingram Micro,NETWORKING ARUBA,ARUBA,Ingram Micro,500167.93,19192.8,False,VALOR
21051582,UNIMED LONDRINA - ARUBA LAN E WLAN,86ajxx6wy,NETWORKING ARUBA,ARUBA,Ingram Micro,NETWORKING ARUBA,ARUBA,Ingram Micro,500167.93,988962.5,False,VALOR
21051582,UNIMED LONDRINA - ARUBA LAN E WLAN,86ajxx6wy,NETWORKING ARUBA,ARUBA,Ingram Micro,NETWORKING ARUBA,ARUBA,Ingram Micro,500167.93,87376.4,False,VALOR
21051582,UNIMED LONDRINA - ARUBA LAN E WLAN,86ajxx6wy,NETWORKING ARUBA,ARUBA,Ingram Micro,NETWORKING ARUBA,ARUBA,Ingram Micro,768211.74,500167.93,False,VALOR
21051582,UNIMED LONDRINA - ARUBA LAN E WLAN,86ajxx6wy,NETWORKING ARUBA,ARUBA,Ingram Micro,NETWORKING ARUBA,ARUBA,Ingram Micro,768211.74,573302.34,False,VALOR
21051582,UNIMED LONDRINA - ARUBA LAN E WLAN,86ajxx6wy,NETWORKING ARUBA,ARUBA,Ingram Micro,NETWORKING ARUBA,ARUBA,Ingram Micro,768211.74,19192.8,False,VALOR
21051582,UNIMED LONDRINA - ARUBA LAN E WLAN,86ajxx6wy,NETWORKING ARUBA,ARUBA,Ingram Micro,NETWORKING ARUBA,ARUBA,Ingram Micro,768211.74,988962.5,False,VALOR
21051582,UNIMED LONDRINA - ARUBA LAN E WLAN,86ajxx6wy,NETWORKING ARUBA,ARUBA,Ingram Micro,NETWORKING ARUBA,ARUBA,Ingram Micro,768211.74,87376.4,False,VALOR
21051582,UNIMED LONDRINA - ARUBA LAN E WLAN,86ajxx6wy,NETWORKING ARUBA,ARUBA,Ingram Micro,NETWORKING ARUBA,ARUBA,Ingram Micro,573302.34,500167.93,False,VALOR
21051582,UNIMED LONDRINA - ARUBA LAN E WLAN,86ajxx6wy,NETWORKING ARUBA,ARUBA,Ingram Micro,NETWORKING ARUBA,ARUBA,Ingram Micro,573302.34,768211.74,False,VALOR
21051582,UNIMED LONDRINA - ARUBA LAN E WLAN,86ajxx6wy,NETWORKING ARUBA,ARUBA,Ingram Micro,NETWORKING ARUBA,ARUBA,Ingram Micro,573302.34,19192.8,False,VALOR
21051582,UNIMED LONDRINA - ARUBA LAN E WLAN,86ajxx6wy,NETWORKING ARUBA,ARUBA,Ingram Micro,NETWORKING ARUBA,ARUBA,Ingram Micro,573302.34,988962.5,False,VALOR
21051582,UNIMED LONDRINA - ARUBA LAN E WLAN,86ajxx6wy,NETWORKING ARUBA,ARUBA,Ingram Micro,NETWORKING ARUBA,ARUBA,Ingram Micro,573302.34,87376.4,False,VALOR
21051582,UNIMED LONDRINA - ARUBA LAN E WLAN,86ajxx6wy,NETWORKING ARUBA,ARUBA,Ingram Micro,NETWORKING ARUBA,ARUBA,Ingram Micro,19192.8,500167.93,False,VALOR
21051582,UNIMED LONDRINA - ARUBA LAN E WLAN,86ajxx6wy,NETWORKING ARUBA,ARUBA,Ingram Micro,NETWORKING ARUBA,ARUBA,Ingram Micro,19192.8,768211.74,False,VALOR
21051582,UNIMED LONDRINA - ARUBA LAN E WLAN,86ajxx6wy,NETWORKING ARUBA,ARUBA,Ingram Micro,NETWORKING ARUBA,ARUBA,Ingram Micro,19192.8,573302.34,False,VALOR
21051582,UNIMED LONDRINA - ARUBA LAN E WLAN,86ajxx6wy,NETWORKING ARUBA,ARUBA,Ingram Micro,NETWORKING ARUBA,ARUBA,Ingram Micro,19192.8,988962.5,False,VALOR
21051582,UNIMED LONDRINA - ARUBA LAN E WLAN,86ajxx6wy,NETWORKING ARUBA,ARUBA,Ingram Micro,NETWORKING ARUBA,ARUBA,Ingram Micro,19192.8,87376.4,False,VALOR
21051582,UNIMED LONDRINA - ARUBA LAN E WLAN,86ajxx6wy,NETWORKING ARUBA,ARUBA,Ingram Micro,NETWORKING ARUBA,ARUBA,Ingram Micro,988962.5,500167.93,False,VALOR
21051582,UNIMED LONDRINA - ARUBA LAN E WLAN,86ajxx6wy,NETWORKING ARUBA,ARUBA,Ingram Micro,NETWORKING ARUBA,ARUBA,Ingram Micro,988962.5,768211.74,False,VALOR
21051582,UNIMED LONDRINA - ARUBA LAN E WLAN,86ajxx6wy,NETWORKING ARUBA,ARUBA,Ingram Micro,NETWORKING ARUBA,ARUBA,Ingram Micro,988962.5,573302.34,False,VALOR
21051582,UNIMED LONDRINA - ARUBA LAN E WLAN,86ajxx6wy,NETWORKING ARUBA,ARUBA,Ingram Micro,NETWORKING ARUBA,ARUBA,Ingram Micro,988962.5,19192.8,False,VALOR
21051582,UNIMED LONDRINA - ARUBA LAN E WLAN,86ajxx6wy,NETWORKING ARUBA,ARUBA,Ingram Micro,NETWORKING ARUBA,ARUBA,Ingram Micro,988962.5,87376.4,False,VALOR
21051582,UNIMED LONDRINA - ARUBA LAN E WLAN,86ajxx6wy,SUPRIMATICA SERVIÇOS,SUPRIMÁTICA SERVIÇOS,Suprimatica,SUPRIMATICA SERVIÇOS,SUPRIMATICA,Suprimatica,160000.0,160000.0,True,FABRICANTE
21051582,UNIMED LONDRINA - ARUBA LAN E WLAN,86ajxx6wy,NETWORKING ARUBA,ARUBA,Ingram Micro,NETWORKING ARUBA,ARUBA,Ingram Micro,87376.4,500167.93,False,VALOR
21051582,UNIMED LONDRINA - ARUBA LAN E WLAN,86ajxx6wy,NETWORKING ARUBA,ARUBA,Ingram Micro,NETWORKING ARUBA,ARUBA,Ingram Micro,87376.4,768211.74,False,VALOR
21051582,UNIMED LONDRINA - ARUBA LAN E WLAN,86ajxx6wy,NETWORKING ARUBA,ARUBA,Ingram Micro,NETWORKING ARUBA,ARUBA,Ingram Micro,87376.4,573302.34,False,VALOR
21051582,UNIMED LONDRINA - ARUBA LAN E WLAN,86ajxx6wy,NETWORKING ARUBA,ARUBA,Ingram Micro,NETWORKING ARUBA,ARUBA,Ingram Micro,87376.4,19192.8,False,VALOR
21051582,UNIMED LONDRINA - ARUBA LAN E WLAN,86ajxx6wy,NETWORKING ARUBA,ARUBA,Ingram Micro,NETWORKING ARUBA,ARUBA,Ingram Micro,87376.4,988962.5,False,VALOR
25004196,SSU - JULHO - 2024,86ajxx6yt,SSU CONTRATOS,SUPRIMÁTICA SERVIÇOS,Suprimatica,SSU CONTRATOS,SUPRIMATICA,Suprimatica,155672.8,155672.8,True,FABRICANTE
23755768,SUPRIMATICA CLOUD - ABRI/MAI/JUN-2024,86ajxx6yx,CLOUD AZURE,MICROSOFT,Ingram Micro,CLOUD AZURE,AZURE,Ingram Micro,22.74,22.74,False,FABRICANTE
24621565,SSU - JUNHO - 2024,86ajxx70j,SSU CONTRATOS,SUPRIMÁTICA SERVIÇOS,Suprimatica,SSU CONTRATOS,SUPRIMATICA,Suprimatica,151816.96,151816.96,True,FABRICANTE
22630217,SUPRIMATICA CLOUD - JAN/FEV/MAR-2024,86ajxx72g,CLOUD AZURE,MICROSOFT,Ingram Micro,CLOUD AZURE,AZURE,Ingram Micro,33.6,33.6,False,FABRICANTE
24448878,UNIMED ANHANGUERA - MICROSOFT - 2024,86ajxx737,MICROSOFT,MICROSOFT,Ingram Micro,LICENCIAMENTO MICROSOFT,MICROSOFT,Ingram Micro,25876.8,25876.8,False,NOME_PRODUTO
24107264,OJI PAPÉIS - SERVIÇOS DE CORREÇÕES OARA I AMBIENTE WI-FI FORTINET,86ajxx74w,SUPRIMATICA SERVIÇOS,SUPRIMÁTICA SERVIÇOS,Suprimatica,SUPRIMATICA SERVIÇOS,SUPRIMATICA,Suprimatica,12500.0,12500.0,True,FABRICANTE
22423426,UNIMED LONDRINA - DESKTOPS,86ajxx7b8,DESKTOPS _NOTEBOOKS DELL EMC,DELL CLIENT,Ingram Micro,DESKTOPS _NOTEBOOKS DELL EMC,DELL,Ingram Micro,339157.98,339157.98,False,FABRICANTE
21638262,HOSPITAL DO CANCER DE LONDRINA - SERVIDOR PACS,86ajxx7pj,SUPRIMATICA SERVIÇOS,SUPRIMÁTICA SERVIÇOS,Suprimatica,SUPRIMATICA SERVIÇOS,SUPRIMATICA,Suprimatica,25000.0,25000.0,True,FABRICANTE
21154638,OJI PAPÉIS - CRIAÇÃO DE VMS,86ajxx7wx,(NÃO EXISTE NO AGENDOR),,,VMWARE OPEN,BROADCOM,Ingram Micro,,0.0,,PRODUTO_EXTRA_NO_SUPABASE
21047528,UNIMED BIRIGUI - SERVIÇO DE REDE,86ajxx87x,SUPRIMATICA SERVIÇOS,SUPRIMÁTICA SERVIÇOS,Suprimatica,(AUSENTE),,,600.0,,True,PRODUTO_AUSENTE_NO_SUPABASE
21047528,UNIMED BIRIGUI - SERVIÇO DE REDE,86ajxx87x,(NÃO EXISTE NO AGENDOR),,,SSU CONTRATOS,SUPRIMATICA,Suprimatica,,3800.0,,PRODUTO_EXTRA_NO_SUPABASE
18865996,UNIMED DRACENA - DELL - TECH REFRESH DC,86ajxx798,SERVIDOR DELL EMC,DELL EMC,Ingram Micro,SERVIDOR DELL EMC,DELL ,Ingram Micro,174699.66,174699.66,False,FABRICANTE
18865996,UNIMED DRACENA - DELL - TECH REFRESH DC,86ajxx798,STORAGE DELL EMC,DELL EMC,Ingram Micro,STORAGE DELL EMC,DELL ,Ingram Micro,101393.19,101393.19,False,FABRICANTE
18865996,UNIMED DRACENA - DELL - TECH REFRESH DC,86ajxx798,SUPRIMATICA SERVIÇOS,SUPRIMÁTICA SERVIÇOS,Suprimatica,SUPRIMATICA SERVIÇOS,SUPRIMATICA,Suprimatica,25000.0,25000.0,True,FABRICANTE
18865996,UNIMED DRACENA - DELL - TECH REFRESH DC,86ajxx798,SSU CONTRATOS,SUPRIMÁTICA SERVIÇOS,Suprimatica,SSU CONTRATOS,SUPRIMATICA,Suprimatica,25200.0,25200.0,True,FABRICANTE
18865996,UNIMED DRACENA - DELL - TECH REFRESH DC,86ajxx798,VMWARE OPEN,VMWARE,Ingram Micro,VMWARE OPEN,BROADCOM,TD Synnex,83060.09,83060.09,False,FABRICANTE+DISTRIBUIDOR
18818855,UNAERP - HPE - ATUALIZACAO BACKUP,86ajxx7jz,SUPRIMATICA SERVIÇOS,SUPRIMÁTICA SERVIÇOS,Suprimatica,SUPRIMATICA SERVIÇOS,SUPRIMATICA,Suprimatica,40000.0,40000.0,True,FABRICANTE
18815634,UNIMED BAIXA MOGIANA - DELL-MICROSOFT- PROJETO TECH REFRESH E DR,86ajxx90j,SERVIDOR DELL EMC,DELL EMC,Ingram Micro,SERVIDOR DELL EMC,DELL ,Ingram Micro,542315.12,542315.12,False,FABRICANTE
18815634,UNIMED BAIXA MOGIANA - DELL-MICROSOFT- PROJETO TECH REFRESH E DR,86ajxx90j,STORAGE DELL EMC,DELL EMC,Ingram Micro,STORAGE DELL EMC,DELL ,Ingram Micro,162548.47,162548.47,False,FABRICANTE
18815634,UNIMED BAIXA MOGIANA - DELL-MICROSOFT- PROJETO TECH REFRESH E DR,86ajxx90j,NETWORKING DELL EMC,DELL EMC,Ingram Micro,NETWORKING DELL EMC,DELL,Ingram Micro,179798.1,179798.1,False,FABRICANTE
18815634,UNIMED BAIXA MOGIANA - DELL-MICROSOFT- PROJETO TECH REFRESH E DR,86ajxx90j,SUPRIMATICA SERVIÇOS,SUPRIMÁTICA SERVIÇOS,Suprimatica,SUPRIMATICA SERVIÇOS,SUPRIMATICA,Suprimatica,46000.0,46000.0,True,FABRICANTE
18815634,UNIMED BAIXA MOGIANA - DELL-MICROSOFT- PROJETO TECH REFRESH E DR,86ajxx90j,MICROSOFT,MICROSOFT,Ingram Micro,LICENCIAMENTO MICROSOFT,MICROSOFT,Ingram Micro,122159.91,122159.91,False,NOME_PRODUTO
23943393,SSU - MAIO - 2024,86ajxx77g,SSU CONTRATOS,SUPRIMÁTICA SERVIÇOS,Suprimatica,SSU CONTRATOS,SUPRIMATICA,Suprimatica,152581.26,152581.26,True,FABRICANTE
23413431,USINA SÃO MANOEL - GARANTIAS - VEEM - DELL,86ajxx773,POS GARANTIA DELL EMC,DELL EMC,Ingram Micro,POS GARANTIA DELL EMC,DELL,Ingram Micro,53000.0,53000.0,False,FABRICANTE
23260557,USINA SÃO MANOEL - GARANTIA HPE E DELL,86ajxx77t,POS GARANTIA DELL EMC,DELL EMC,Ingram Micro,POS GARANTIA DELL EMC,DELL,Ingram Micro,3600.0,3600.0,False,FABRICANTE
23075157,SSU - MARÇO - 2024,86ajxx7ef,SSU CONTRATOS,SUPRIMÁTICA SERVIÇOS,Suprimatica,SSU CONTRATOS,SUPRIMATICA,Suprimatica,151878.52,151878.52,True,FABRICANTE
22630047,SSU - FEVEREIRO - 2024,86ajxx7hr,SSU CONTRATOS,SUPRIMÁTICA SERVIÇOS,Suprimatica,SSU CONTRATOS,SUPRIMATICA,Suprimatica,146015.51,146015.51,True,FABRICANTE
22629912,SSU - JANEIRO - 2024,86ajxx7jg,SSU CONTRATOS,SUPRIMÁTICA SERVIÇOS,Suprimatica,SSU CONTRATOS,SUPRIMATICA,Suprimatica,151759.15,151759.15,True,FABRICANTE
21960093,SUPRIMATICA CLOUD - OUT/NOV/DEZ-2023,86ajxx7nx,CLOUD AZURE,MICROSOFT,Ingram Micro,CLOUD AZURE,AZURE,Ingram Micro,34.19,34.19,False,FABRICANTE
21959866,SSU - DEZEMBRO - 2023,86ajxx7qp,SSU CONTRATOS,SUPRIMÁTICA SERVIÇOS,Suprimatica,SSU CONTRATOS,SUPRIMATICA,Suprimatica,149950.72,149950.72,True,FABRICANTE
21617677,SUPRIMATICA CLOUD - JUL/AGO/SET - 2023,86ajxx7t6,CLOUD AZURE,MICROSOFT,Ingram Micro,CLOUD AZURE,AZURE,Ingram Micro,7996.78,7996.78,False,FABRICANTE
21617486,SUPRIMATICA CLOUD - ABR/MAI/JUN - 2023,86ajxx7tt,CLOUD AZURE,MICROSOFT,Ingram Micro,CLOUD AZURE,AZURE,Ingram Micro,8138.03,8138.03,False,FABRICANTE
21616917,SUPRIMATICA CLOUD - JAN/FEV/MAR - 2023,86ajxx7uh,CLOUD AZURE,MICROSOFT,Ingram Micro,CLOUD AZURE,AZURE,Ingram Micro,8454.6,8454.6,False,FABRICANTE
21218223,SPECIAL DOG - JOB AVULSO,86ajxx87p,SUPRIMATICA SERVIÇOS,SUPRIMÁTICA SERVIÇOS,Suprimatica,SUPRIMATICA SERVIÇOS,SUPRIMATICA,Suprimatica,11000.0,11000.0,True,FABRICANTE
21203818,OJI PAPÉIS - RENOVAÇÃO VMWARE,86ajxx887,VMWARE OPEN,VMWARE,Ingram Micro,VMWARE OPEN,BROADCOM,TD Synnex,118209.45,118209.45,False,FABRICANTE+DISTRIBUIDOR
21179362,UNIMED ANHANGUERA - MICROSOFT,86ajxx8e7,MICROSOFT,MICROSOFT,Ingram Micro,LICENCIAMENTO MICROSOFT,MICROSOFT,Ingram Micro,25413.6,25413.6,False,NOME_PRODUTO
21179283,UINEMED ARARAQUARA - RENOVAÇÃO DELL,86ajxx8ee,POS GARANTIA DELL EMC,DELL EMC,Ingram Micro,POS GARANTIA DELL EMC,DELL,Ingram Micro,58370.99,58370.99,False,FABRICANTE
21178961,LIVETECH - RENOVAÇÃO DELL,86ajxx8ew,POS GARANTIA DELL EMC,DELL EMC,Ingram Micro,POS GARANTIA DELL EMC,DELL,Ingram Micro,10360.0,10360.0,False,FABRICANTE
21178707,USINA SÃO MANOEL - RENOVAÇÃO DELL,86ajxx8ff,POS GARANTIA DELL EMC,DELL EMC,Ingram Micro,POS GARANTIA DELL EMC,DELL,Ingram Micro,55500.0,55500.0,False,FABRICANTE
21178581,USINA SÃO MANOEL - RENOVAÇÃO VMWARE,86ajxx8fu,VMWARE OPEN,VMWARE,Ingram Micro,VMWARE OPEN,BROADCOM,TD Synnex,17349.54,17349.54,False,FABRICANTE+DISTRIBUIDOR
21178368,LWART - PROJETO FORTINET,86ajxx8g2,SUPRIMATICA SERVIÇOS,SUPRIMÁTICA SERVIÇOS,Suprimatica,SUPRIMATICA SERVIÇOS,SUPRIMATICA,Suprimatica,60000.0,60000.0,True,FABRICANTE
21174467,UNIMED SÃO CARLOS - RENOVAÇÃO VMWARE,86ajxx8gj,VMWARE OPEN,VMWARE,Ingram Micro,VMWARE OPEN,BROADCOM,TD Synnex,33481.54,33481.54,False,FABRICANTE+DISTRIBUIDOR
21171659,UNIMED VOLTA REDONDA - REVONAÇÃO VMWARE,86ajxx8h4,VMWARE OPEN,VMWARE,Ingram Micro,VMWARE OPEN,BROADCOM,TD Synnex,24831.06,24831.06,False,FABRICANTE+DISTRIBUIDOR
21171374,UNIMED LONDRINA - PROJETO FORTINET,86ajxx8hd,SUPRIMATICA SERVIÇOS,SUPRIMÁTICA SERVIÇOS,Suprimatica,SUPRIMATICA SERVIÇOS,SUPRIMATICA,Suprimatica,141893.99,141893.99,True,FABRICANTE
21170763,UNIMED BARRETOS - PROJETO DELL,86ajxx8k2,STORAGE DELL EMC,DELL EMC,Ingram Micro,STORAGE DELL EMC,DELL ,Ingram Micro,169109.27,169109.27,False,FABRICANTE
21170763,UNIMED BARRETOS - PROJETO DELL,86ajxx8k2,SERVIDOR DELL EMC,DELL EMC,Ingram Micro,SERVIDOR DELL EMC,DELL ,Ingram Micro,265309.45,265309.45,False,FABRICANTE
21170763,UNIMED BARRETOS - PROJETO DELL,86ajxx8k2,SUPRIMATICA SERVIÇOS,SUPRIMÁTICA SERVIÇOS,Suprimatica,SUPRIMATICA SERVIÇOS,SUPRIMATICA,Suprimatica,20000.0,20000.0,True,FABRICANTE
21166954,UNIMED ANHANGUERA - PROJETO FORTINET,86ajxx8m2,SUPRIMATICA SERVIÇOS,SUPRIMÁTICA SERVIÇOS,Suprimatica,SUPRIMATICA SERVIÇOS,SUPRIMATICA,Suprimatica,32000.0,32000.0,True,FABRICANTE
21166528,METALURGICA MOCOCA - RENOVAÇÃO SUPORTE HPE,86ajxx8me,POS GARANTIA HPE,HPE,Ingram Micro,(AUSENTE),,,74395.93,,False,PRODUTO_AUSENTE_NO_SUPABASE
21166528,METALURGICA MOCOCA - RENOVAÇÃO SUPORTE HPE,86ajxx8me,(NÃO EXISTE NO AGENDOR),,,VEEAM OEM  HPE,VEEAM,Ingram Micro,,37000.0,,PRODUTO_EXTRA_NO_SUPABASE
21166163,ASICS BRASIL - DELL EMC,86ajxx8mk,SERVIDOR DELL EMC,DELL EMC,Ingram Micro,SERVIDOR DELL EMC,DELL ,Ingram Micro,188952.23,188952.23,False,FABRICANTE
21166163,ASICS BRASIL - DELL EMC,86ajxx8mk,STORAGE DELL EMC,DELL EMC,Ingram Micro,STORAGE DELL EMC,DELL ,Ingram Micro,108672.1,108672.1,False,FABRICANTE
21166163,ASICS BRASIL - DELL EMC,86ajxx8mk,SUPRIMATICA SERVIÇOS,SUPRIMÁTICA SERVIÇOS,Suprimatica,SUPRIMATICA SERVIÇOS,SUPRIMATICA,Suprimatica,30000.0,30000.0,True,FABRICANTE
21165137,IOP - SUPRIMATICA (JOB AVULSO),86ajxx8my,SUPRIMATICA SERVIÇOS,SUPRIMÁTICA SERVIÇOS,Suprimatica,SUPRIMATICA SERVIÇOS,SUPRIMATICA,Suprimatica,1066.66,1066.66,True,FABRICANTE
21164785,UNIMED RIBEIRÃO PRETO - UPGRADE DE MEMÓRIAS,86ajxx8n7,LEGACY TI,LEGACY TI,Legacy TI,LEGACY TI,86agg6j56,4Server,34848.0,34848.0,False,FABRICANTE+DISTRIBUIDOR
21001773,Unimed COP - MICROSOFT - LICENCIMENTO,86ajxx8qu,MICROSOFT,MICROSOFT,Ingram Micro,LICENCIAMENTO MICROSOFT,MICROSOFT,Ingram Micro,103119.24,103119.24,False,NOME_PRODUTO
21001619,Venti Delta - VMWARE - RENOVAÇÃO DE GARANTIA,86ajxx8qz,VMWARE OPEN,VMWARE,Ingram Micro,VMWARE OPEN,BROADCOM,TD Synnex,595.86,595.86,False,FABRICANTE+DISTRIBUIDOR
21000775,Unimed Ribeirão Preto - VMWARE AQUISIÇÃO,86ajxx8r6,VMWARE OPEN,VMWARE,Ingram Micro,VMWARE OPEN,BROADCOM,TD Synnex,32699.06,32699.06,False,FABRICANTE+DISTRIBUIDOR
21000520,NOVA AMERICA AGRICOLA - SUPORTE DELL,86ajxx8re,POS GARANTIA DELL EMC,DELL EMC,Ingram Micro,POS GARANTIA DELL EMC,DELL,Ingram Micro,291927.83,291927.83,False,FABRICANTE
21000410,NOVA AMERICA AGRICOLA - VMWARE - LICENÇAS VDI,86ajxx8rz,VMWARE OPEN,VMWARE,Ingram Micro,VMWARE OPEN,BROADCOM,TD Synnex,163146.66,163146.66,False,FABRICANTE+DISTRIBUIDOR
20997341,NOVA AMERICA AGRICOLA - VMWARE,86ajxx8ta,VMWARE OPEN,VMWARE,Ingram Micro,VMWARE OPEN,BROADCOM,TD Synnex,7661.36,7661.36,False,FABRICANTE+DISTRIBUIDOR
20553019,Rovasa Prime Consultoria Empresarial - Servidor Lenovo,86ajxx8up,SUPORTE OTG,OTG,OTG,SUPORTE OTG,OTG,Ingram Micro,7200.0,7200.0,False,DISTRIBUIDOR
20428320,REGIONAL TELHAS - RENOVAÇÃO VMWARE,86ajxx8x8,VMWARE OPEN,VMWARE,Ingram Micro,VMWARE OPEN,BROADCOM,TD Synnex,7228.14,7228.14,False,FABRICANTE+DISTRIBUIDOR
20100655,NEWDROP - VEEAM - POSITIVO,86ajxx86y,VEEAM  OPEN,VEEAM,Ingram Micro,(AUSENTE),,,36597.52,,False,PRODUTO_AUSENTE_NO_SUPABASE
20100655,NEWDROP - VEEAM - POSITIVO,86ajxx86y,SERVIDOR SUPER MICRO,POSITIVO,Ingram Micro,(AUSENTE),,,41933.7,,False,PRODUTO_AUSENTE_NO_SUPABASE
20100655,NEWDROP - VEEAM - POSITIVO,86ajxx86y,SUPRIMATICA SERVIÇOS,SUPRIMÁTICA SERVIÇOS,Suprimatica,(AUSENTE),,,10400.0,,True,PRODUTO_AUSENTE_NO_SUPABASE
20100655,NEWDROP - VEEAM - POSITIVO,86ajxx86y,(NÃO EXISTE NO AGENDOR),,,VMWARE OPEN,BROADCOM,Ingram Micro,,1047.0,,PRODUTO_EXTRA_NO_SUPABASE
19749278,FERRO EQUIPAMENTO - LENOVO,86ajxx92u,SUPORTE OTG,OTG,OTG,SUPORTE OTG,OTG,Ingram Micro,13160.0,13160.0,False,DISTRIBUIDOR
21374919,SSU - NOVEMBRO - 2023,86ajxx81q,SSU CONTRATOS,SUPRIMÁTICA SERVIÇOS,Suprimatica,SSU CONTRATOS,SUPRIMATICA,Suprimatica,153979.0,153979.0,True,FABRICANTE
21374753,SSU - OUTUBRO - 2023,86ajxx82x,SSU CONTRATOS,SUPRIMÁTICA SERVIÇOS,Suprimatica,SSU CONTRATOS,SUPRIMATICA,Suprimatica,149669.68,149669.68,True,FABRICANTE
21374576,SSU - SETEMBRO - 2023,86ajxx7qg,SSU CONTRATOS,SUPRIMÁTICA SERVIÇOS,Suprimatica,SSU CONTRATOS,SUPRIMATICA,Suprimatica,127975.62,127975.62,True,FABRICANTE
21374444,SSU - AGOSTO - 2023,86ajxx83f,SSU CONTRATOS,SUPRIMÁTICA SERVIÇOS,Suprimatica,SSU CONTRATOS,SUPRIMATICA,Suprimatica,116215.9,116215.9,True,FABRICANTE
21374226,SSU - JULHO - 2023,86ajxx844,SSU CONTRATOS,SUPRIMÁTICA SERVIÇOS,Suprimatica,SSU CONTRATOS,SUPRIMATICA,Suprimatica,128399.62,128399.62,True,FABRICANTE
21374100,SSU - JUNHO - 2023,86ajxx84b,SSU CONTRATOS,SUPRIMÁTICA SERVIÇOS,Suprimatica,SSU CONTRATOS,SUPRIMATICA,Suprimatica,130827.74,130827.74,True,FABRICANTE
21373965,SSU - MAIO - 2023,86ajxx84y,SSU CONTRATOS,SUPRIMÁTICA SERVIÇOS,Suprimatica,SSU CONTRATOS,SUPRIMATICA,Suprimatica,128399.62,128399.62,True,FABRICANTE
21373797,SSU - ABRIL - 2023,86ajxx85d,SSU CONTRATOS,SUPRIMÁTICA SERVIÇOS,Suprimatica,SSU CONTRATOS,SUPRIMATICA,Suprimatica,128254.77,128254.77,True,FABRICANTE
21373409,SSU- MARÇO - 2023,86ajxx83u,SSU CONTRATOS,SUPRIMÁTICA SERVIÇOS,Suprimatica,SSU CONTRATOS,SUPRIMATICA,Suprimatica,107054.77,107054.77,True,FABRICANTE
21373202,SSU - FEVEREIRO -2023,86ajxx7yt,SSU CONTRATOS,SUPRIMÁTICA SERVIÇOS,Suprimatica,SSU CONTRATOS,SUPRIMATICA,Suprimatica,111725.48,111725.48,True,FABRICANTE
21368906,SSU  - JANEIRO - 2023,86ajxx85k,SSU CONTRATOS,SUPRIMÁTICA SERVIÇOS,Suprimatica,SSU CONTRATOS,SUPRIMATICA,Suprimatica,98224.16,98224.16,True,FABRICANTE
