Agendor Deal ID;Titulo;Empresa;Valor
42973265;Estrutel Construções Metálicas LTDA | Firewall Fortinet - Estoque;ESTRUTEL CONSTRUCOES METALICAS LTDA;18104.75
42035427;Lwart | Fortinet (2026);LWART SOLUCOES AMBIENTAIS LTDA;11384.36
42188838;Lwart Soluções Ambientais | Garantia Omnissa;LWART SOLUCOES AMBIENTAIS LTDA;71614.6
43364579;Lwart Soluções Ambientais | FORTINET( GARANTIA);LWART SOLUCOES AMBIENTAIS LTDA;37943.84
39250070;LWART - FORTINET (GARANTIAS);LWART SOLUCOES AMBIENTAIS LTDA;219061.32
41530374;UNIMED CAMPO MOURAO - PARK PLACE;UNIMED REGIONAL DE CAMPO MOURAO;10748.64
41530234;UNIMED CAMPO MOURAO (VEEAM GARANTIA);UNIMED REGIONAL DE CAMPO MOURAO;17877.45
38450245;TMG | PROPOSTA PARA IMPLEMENTAÇÃO DE UM NOVO FIREWALL;TMG - UNIDADE DE RONDONÓPOLIS;28000.0
25762632;UNIMED CAMPO MOURAO | FW E SERVIÇO DE IMPLEMENTAÇÃO DE REDE | FORTINET;UNIMED REGIONAL DE CAMPO MOURAO;195981.77
39216466;UNIMED REG CAMPO MOURAO;UNIMED REGIONAL DE CAMPO MOURAO;5180.0
37486769;LWART - FORTINEt_CENTRO DE COLETAS;LWART SOLUCOES AMBIENTAIS LTDA;70686.22
18865711;ICASA | TECH REFRESH DC | DELL;ICASA;1104302.23
37889431;ICASA - DELL (Cabos);ICASA;424.12
36506280;LWART - PARK PLACE;LWART SOLUCOES AMBIENTAIS LTDA;5519.1
33297569;LWART - VDI (2025-2026);LWART SOLUCOES AMBIENTAIS LTDA;76338.8
35521354;ZILOR - VEEAM  SÃO JOSE;ZILOR - UNIDADE  SÃO JOSE;8267.11
34505995;LWART - ARUBA;LWART SOLUCOES AMBIENTAIS LTDA;4670.49
32206948;ESTRUTEL | SERVIÇOS DE IMPLEMENTAÇÃO;ESTRUTEL CONSTRUCOES METALICAS LTDA;47500.0
27016044;UNIMED REGIONAL DE CAMPO MOURAO - VEEAM E DELL(GARANTIA);UNIMED REGIONAL DE CAMPO MOURAO;27495.65
24480454;TMG - DELL - TECH REFRESH PARA AMBIENTE VIRTUAL PARA 2 UNIDADES;TMG TROPICAL MELHORAMENTO E GENETICA S.A.;1679597.88
23039268;LWART - FORTINET (GARANTIA);LWART SOLUCOES AMBIENTAIS LTDA;125763.15
29113605;LWART - FORTINET (2025);LWART SOLUCOES AMBIENTAIS LTDA;129068.94
23956577;LWART SOLUCOES AMBIENTAIS LTDA - DELL ESTUDO DE ATUALIZAÇÃO DO DATA CENTER;LWART SOLUCOES AMBIENTAIS LTDA;3320583.28
27486422;TMG - UNIDADE DE RONDONÓPOLIS - OUTROS;TMG - UNIDADE DE RONDONÓPOLIS;10654.16
27973503;TMG - RONDONÓPOLIS - DELL;TMG - UNIDADE DE RONDONÓPOLIS;13180.0
26755340;LWART - FORTINET COMPRADOR RODRIGO;LWART SOLUCOES AMBIENTAIS LTDA;34761.81
22114854;LWART - VMWARE (GARANTIA);LWART SOLUCOES AMBIENTAIS LTDA;72733.6
25713579;LWART - ARUBA (VOLUME);LWART SOLUCOES AMBIENTAIS LTDA;52485.38
25132911;UNIMED CAMPO MOURAO - VEEAM;UNIMED REGIONAL DE CAMPO MOURAO;4800.0
26850017;LWART - HPE SWITCH (GARANTIA);LWART SOLUCOES AMBIENTAIS LTDA;14500.0
26610577;ICASA - HPE (GARANTIA);ICASA;45000.0
25543217;LWART - FORTINET - DEMANDA JULHO;LWART SOLUCOES AMBIENTAIS LTDA;30660.3
26256774;TMG - DELL (GARANTIA);TMG TROPICAL MELHORAMENTO E GENETICA S.A.;7520.78
25570891;ICASA - VEEAM (GARANTIA);ICASA;33000.0
24341627;LWART SOLUCOES AMBIENTAIS LTDA - ARUBA IAP 515;LWART SOLUCOES AMBIENTAIS LTDA;18100.93
24407464;LWART-FORTINET (40F);LWART SOLUCOES AMBIENTAIS LTDA;7783.14
21822078;LWART SOLUCOES AMBIENTAIS LTDA - COTAÇÃO PORTAL GERAL;LWART SOLUCOES AMBIENTAIS LTDA;74242.0
23129928;UNIMED CAMPO MOURAO - VEEM (RENOVAÇÃO);UNIMED REGIONAL DE CAMPO MOURAO;13895.61
23379383;UNIMED CAMPO MOURAO - DELL RENOVAÇÃO GARANTIA;UNIMED REGIONAL DE CAMPO MOURAO;2097.57
20341562;LWART - HPE ARUBA;LWART SOLUCOES AMBIENTAIS LTDA;19952.26
19883610;HOSPITAL DE BASE - ARUBA;HOSPITAL DE BASE DE SÃO JOSE DO RIO PRETO;935670.39
21773883;HOSPITAL DE BASE - LEGACY TI;HOSPITAL DE BASE DE SÃO JOSE DO RIO PRETO;135826.88
19410821;LWART - FORTINET;LWART SOLUCOES AMBIENTAIS LTDA;67142.64
21200989;LWART SOLUCOES AMBIENTAIS LTDA - HPE ARUBA;LWART SOLUCOES AMBIENTAIS LTDA;6886.53
21178368;LWART - PROJETO FORTINET;LWART SOLUCOES AMBIENTAIS LTDA;676118.81
21177013;LWART SOLUCOES AMBIENTAIS LTDA - RENOVAÇÃO FORTINET;LWART SOLUCOES AMBIENTAIS LTDA;99575.84
20484994;ICASA - HPE (POS GARANTIA);ICASA;44295.54
21002097;LWART SOLUCOES AMBIENTAIS LTDA - ARUBA - SWITCHES;LWART SOLUCOES AMBIENTAIS LTDA;45999.18
21001917;UNIMED REGIONAL DE CAMPO MOURAO - VEEAM - RENOVAÇÃO;UNIMED REGIONAL DE CAMPO MOURAO;12922.2
19418610;LWART SOLUCOES AMBIENTAIS LTDA - ARUBA;LWART SOLUCOES AMBIENTAIS LTDA;2097.12
20035798;LWART - HPE SWITCH CORE;LWART SOLUCOES AMBIENTAIS LTDA;14090.86
19417035;UNIMED REGIONAL DE CAMPO MOURAO - DELL;UNIMED REGIONAL DE CAMPO MOURAO;1981.46
19177330;LWART - VMWARE RENOVAÇÃO SUPORTE;LWART SOLUCOES AMBIENTAIS LTDA;176157.54
